template,train_max,seed,depth,in_train,greedy_correct,greedy_valid,correct1,valid1,joint1,correct2,valid2,joint2,correct4,valid4,joint4,correct8,valid8,joint8,correct16,valid16,joint16
logic,5,3407,1,1,1.0,1.0,1.0,1.0,1.0,1.0,1.0,1.0,1.0,1.0,1.0,1.0,1.0,1.0,1.0,1.0,1.0
logic,5,3407,2,1,1.0,1.0,1.0,1.0,1.0,1.0,1.0,1.0,1.0,1.0,1.0,1.0,1.0,1.0,1.0,1.0,1.0
logic,5,3407,5,1,1.0,1.0,1.0,1.0,1.0,1.0,1.0,1.0,1.0,1.0,1.0,1.0,1.0,1.0,1.0,1.0,1.0
logic,5,3407,10,0,0.28125,0.21875,0.306640625,0.146484375,0.14453125,0.515625,0.26223958333333336,0.2591145833333333,0.7558207417582418,0.43392857142857144,0.43015109890109887,0.9216758935508935,0.6495410839160839,0.647618006993007,0.96875,0.875,0.875
logic,5,3407,12,0,0.59375,0.4375,0.490234375,0.294921875,0.2890625,0.7320312499999999,0.49453125,0.48697916666666663,0.9180975274725275,0.7291208791208792,0.7229395604395604,0.9912563131313131,0.9193521756021756,0.9173222610722611,1.0,1.0,1.0
logic,5,3407,15,0,0.625,0.53125,0.416015625,0.19140625,0.181640625,0.62578125,0.3286458333333333,0.31276041666666665,0.8131696428571429,0.5085508241758242,0.4879807692307692,0.9209838772338772,0.6955759518259518,0.6808614996114997,0.96875,0.84375,0.84375
logic,5,3407,18,0,0.1875,0.0625,0.203125,0.060546875,0.05078125,0.3536458333333333,0.115625,0.09765625,0.5558722527472527,0.2115728021978022,0.18100961538461538,0.7620119463869464,0.36009615384615384,0.3144230769230769,0.90625,0.5625,0.5
logic,5,3407,20,0,0.09375,0.0,0.078125,0.0,0.0,0.15026041666666667,0.0,0.0,0.27810782967032965,0.0,0.0,0.47796474358974356,0.0,0.0,0.71875,0.0,0.0
logic,5,3407,25,0,0.03125,0.0,0.06640625,0.001953125,0.0,0.12604166666666666,0.00390625,0.0,0.2284684065934066,0.0078125,0.0,0.38485576923076925,0.015625,0.0,0.59375,0.03125,0.0
logic,5,3407,30,0,0.03125,0.0,0.064453125,0.0,0.0,0.12135416666666667,0.0,0.0,0.2161916208791209,0.0,0.0,0.3504807692307692,0.0,0.0,0.5,0.0,0.0
logic,5,3407,35,0,0.03125,0.0,0.056640625,0.0,0.0,0.10885416666666667,0.0,0.0,0.2013221153846154,0.0,0.0,0.3467147435897436,0.0,0.0,0.53125,0.0,0.0
logic,5,3407,40,0,0.0,0.0,0.041015625,0.001953125,0.0,0.07968750000000001,0.00390625,0.0,0.15022321428571428,0.0078125,0.0,0.265625,0.015625,0.0,0.40625,0.03125,0.0
logic,5,3407,45,0,0.0,0.0,0.03125,0.0,0.0,0.06171875,0.0,0.0,0.12031249999999999,0.0,0.0,0.228125,0.0,0.0,0.40625,0.0,0.0
logic,5,3407,50,0,0.03125,0.0,0.037109375,0.0,0.0,0.07369791666666667,0.0,0.0,0.1453125,0.0,0.0,0.28229166666666666,0.0,0.0,0.53125,0.0,0.0
logic,5,3408,1,1,1.0,1.0,1.0,1.0,1.0,1.0,1.0,1.0,1.0,1.0,1.0,1.0,1.0,1.0,1.0,1.0,1.0
logic,5,3408,2,1,1.0,1.0,1.0,1.0,1.0,1.0,1.0,1.0,1.0,1.0,1.0,1.0,1.0,1.0,1.0,1.0,1.0
logic,5,3408,5,1,1.0,1.0,1.0,1.0,1.0,1.0,1.0,1.0,1.0,1.0,1.0,1.0,1.0,1.0,1.0,1.0,1.0
logic,5,3408,10,0,0.21875,0.09375,0.185546875,0.119140625,0.095703125,0.32265625,0.215625,0.17734375,0.5095638736263737,0.36641483516483514,0.31052541208791207,0.7138986013986014,0.5737762237762237,0.5029938811188811,0.875,0.78125,0.71875
logic,5,3408,12,0,0.09375,0.0625,0.236328125,0.189453125,0.17578125,0.39947916666666666,0.32708333333333334,0.3067708333333333,0.6042067307692308,0.508121565934066,0.4849416208791209,0.7967900155400156,0.6985844017094017,0.681840034965035,0.9375,0.875,0.875
logic,5,3408,15,0,0.0,0.0,0.0390625,0.0078125,0.001953125,0.07708333333333334,0.015364583333333334,0.00390625,0.15,0.0296875,0.0078125,0.2833333333333333,0.05520833333333333,0.015625,0.5,0.09375,0.03125
logic,5,3408,18,0,0.0,0.03125,0.01171875,0.00390625,0.0,0.023177083333333334,0.0078125,0.0,0.0453125,0.015625,0.0,0.08645833333333333,0.03125,0.0,0.15625,0.0625,0.0
logic,5,3408,20,0,0.0,0.0,0.013671875,0.0078125,0.001953125,0.027083333333333334,0.015625,0.00390625,0.053125,0.03125,0.0078125,0.10208333333333333,0.0625,0.015625,0.1875,0.125,0.03125
logic,5,3408,25,0,0.0,0.0,0.017578125,0.013671875,0.001953125,0.03515625,0.0265625,0.00390625,0.0703125,0.05022321428571429,0.0078125,0.140625,0.090625,0.015625,0.28125,0.15625,0.03125
logic,5,3408,30,0,0.03125,0.0,0.017578125,0.015625,0.001953125,0.03411458333333334,0.03072916666666667,0.00390625,0.06428571428571428,0.059375,0.0078125,0.11458333333333333,0.11041666666666666,0.015625,0.1875,0.1875,0.03125
logic,5,3408,35,0,0.0,0.0,0.01171875,0.015625,0.001953125,0.02291666666666667,0.03125,0.00390625,0.04375,0.0625,0.0078125,0.07916666666666666,0.125,0.015625,0.125,0.25,0.03125
logic,5,3408,40,0,0.0,0.0,0.0,0.005859375,0.0,0.0,0.011458333333333334,0.0,0.0,0.021875,0.0,0.0,0.03958333333333333,0.0,0.0,0.0625,0.0
logic,5,3408,45,0,0.0,0.03125,0.001953125,0.005859375,0.0,0.00390625,0.01171875,0.0,0.0078125,0.0234375,0.0,0.015625,0.046875,0.0,0.03125,0.09375,0.0
logic,5,3408,50,0,0.0,0.0,0.001953125,0.0078125,0.0,0.00390625,0.015625,0.0,0.0078125,0.03125,0.0,0.015625,0.0625,0.0,0.03125,0.125,0.0
logic,5,3409,1,1,1.0,1.0,1.0,1.0,1.0,1.0,1.0,1.0,1.0,1.0,1.0,1.0,1.0,1.0,1.0,1.0,1.0
logic,5,3409,2,1,1.0,1.0,1.0,1.0,1.0,1.0,1.0,1.0,1.0,1.0,1.0,1.0,1.0,1.0,1.0,1.0,1.0
logic,5,3409,5,1,1.0,1.0,1.0,1.0,1.0,1.0,1.0,1.0,1.0,1.0,1.0,1.0,1.0,1.0,1.0,1.0,1.0
logic,5,3409,10,0,0.375,0.1875,0.2890625,0.134765625,0.1328125,0.490625,0.24375,0.24140625,0.7291895604395604,0.40661057692307695,0.4051682692307692,0.9066797785547785,0.6038825757575758,0.6037951631701631,0.96875,0.78125,0.78125
logic,5,3409,12,0,0.34375,0.0625,0.21484375,0.015625,0.015625,0.375,0.030208333333333334,0.030208333333333334,0.5855254120879121,0.056473214285714286,0.056473214285714286,0.7820488539238539,0.09895833333333333,0.09895833333333333,0.90625,0.15625,0.15625
logic,5,3409,15,0,0.03125,0.0,0.111328125,0.0,0.0,0.20703125,0.0,0.0,0.3600274725274725,0.0,0.0,0.558974358974359,0.0,0.0,0.75,0.0,0.0
logic,5,3409,18,0,0.125,0.0,0.07421875,0.0,0.0,0.13645833333333335,0.0,0.0,0.23650412087912087,0.0,0.0,0.3845935314685315,0.0,0.0,0.59375,0.0,0.0
logic,5,3409,20,0,0.0625,0.0,0.041015625,0.0,0.0,0.07942708333333333,0.0,0.0,0.1495364010989011,0.0,0.0,0.26963141025641024,0.0,0.0,0.46875,0.0,0.0
logic,5,3409,25,0,0.125,0.0,0.052734375,0.0,0.0,0.10260416666666666,0.0,0.0,0.19419642857142858,0.0,0.0,0.34791666666666665,0.0,0.0,0.5625,0.0,0.0
logic,5,3409,30,0,0.03125,0.0,0.033203125,0.0,0.0,0.0640625,0.0,0.0,0.1196256868131868,0.0,0.0,0.21129807692307692,0.0,0.0,0.34375,0.0,0.0
logic,5,3409,35,0,0.03125,0.0,0.01953125,0.0,0.0,0.03828125,0.0,0.0,0.07343749999999999,0.0,0.0,0.134375,0.0,0.0,0.21875,0.0,0.0
logic,5,3409,40,0,0.0625,0.0,0.0234375,0.0,0.0,0.04609375,0.0,0.0,0.08928571428571429,0.0,0.0,0.16875,0.0,0.0,0.3125,0.0,0.0
logic,5,3409,45,0,0.09375,0.0,0.03125,0.0,0.0,0.06041666666666667,0.0,0.0,0.11337568681318681,0.0,0.0,0.2029647435897436,0.0,0.0,0.34375,0.0,0.0
logic,5,3409,50,0,0.03125,0.0,0.013671875,0.0,0.0,0.027083333333333334,0.0,0.0,0.053125,0.0,0.0,0.10208333333333333,0.0,0.0,0.1875,0.0,0.0
logic,10,3407,1,1,1.0,1.0,1.0,1.0,1.0,1.0,1.0,1.0,1.0,1.0,1.0,1.0,1.0,1.0,1.0,1.0,1.0
logic,10,3407,2,1,1.0,1.0,1.0,1.0,1.0,1.0,1.0,1.0,1.0,1.0,1.0,1.0,1.0,1.0,1.0,1.0,1.0
logic,10,3407,5,1,1.0,1.0,1.0,1.0,1.0,1.0,1.0,1.0,1.0,1.0,1.0,1.0,1.0,1.0,1.0,1.0,1.0
logic,10,3407,10,1,1.0,1.0,0.994140625,0.994140625,0.994140625,0.99921875,0.99921875,0.99921875,1.0,1.0,1.0,1.0,1.0,1.0,1.0,1.0,1.0
logic,10,3407,12,0,0.9375,0.90625,0.912109375,0.880859375,0.873046875,0.98515625,0.9752604166666666,0.9739583333333334,0.9991071428571429,0.9983688186813187,0.9983516483516484,1.0,1.0,1.0,1.0,1.0,1.0
logic,10,3407,15,0,0.90625,0.78125,0.853515625,0.79296875,0.765625,0.95625,0.90703125,0.8893229166666666,0.9874656593406593,0.9520260989010989,0.9444539835164836,0.9986888111888111,0.9673295454545454,0.9662150349650349,1.0,0.96875,0.96875
logic,10,3407,18,0,0.53125,0.53125,0.56640625,0.46875,0.44140625,0.7893229166666667,0.6986979166666667,0.6653645833333333,0.9313701923076924,0.8819368131868132,0.8544471153846154,0.989690170940171,0.9720862470862471,0.9612665112665113,1.0,1.0,1.0
logic,10,3407,20,0,0.375,0.34375,0.345703125,0.25,0.220703125,0.553125,0.4231770833333333,0.37604166666666666,0.7648523351648352,0.631404532967033,0.5656421703296703,0.9072163947163947,0.8011970668220668,0.7218410062160062,0.96875,0.90625,0.8125
logic,10,3407,25,0,0.15625,0.0,0.103515625,0.013671875,0.0078125,0.19635416666666666,0.02682291666666667,0.015364583333333334,0.3543440934065934,0.0515625,0.0296875,0.5836538461538461,0.09479166666666666,0.05520833333333333,0.8125,0.15625,0.09375
logic,10,3407,30,0,0.09375,0.0,0.05859375,0.00390625,0.0,0.11145833333333333,0.0078125,0.0,0.2021978021978022,0.015625,0.0,0.3371794871794872,0.03125,0.0,0.5,0.0625,0.0
logic,10,3407,35,0,0.0,0.0,0.033203125,0.005859375,0.0,0.0640625,0.01171875,0.0,0.1196256868131868,0.0234375,0.0,0.21129807692307692,0.046875,0.0,0.34375,0.09375,0.0
logic,10,3407,40,0,0.09375,0.0,0.041015625,0.00390625,0.0,0.08072916666666667,0.007552083333333334,0.0,0.15647321428571428,0.014062499999999999,0.0,0.2947916666666667,0.02395833333333333,0.0,0.53125,0.03125,0.0
logic,10,3407,45,0,0.03125,0.03125,0.029296875,0.0078125,0.0,0.0578125,0.015625,0.0,0.11249999999999999,0.03125,0.0,0.2125,0.0625,0.0,0.375,0.125,0.0
logic,10,3407,50,0,0.0,0.03125,0.025390625,0.00390625,0.0,0.04947916666666667,0.0078125,0.0,0.09397321428571428,0.015625,0.0,0.16979166666666667,0.03125,0.0,0.28125,0.0625,0.0
logic,10,3408,1,1,1.0,1.0,1.0,1.0,1.0,1.0,1.0,1.0,1.0,1.0,1.0,1.0,1.0,1.0,1.0,1.0,1.0
logic,10,3408,2,1,1.0,1.0,1.0,1.0,1.0,1.0,1.0,1.0,1.0,1.0,1.0,1.0,1.0,1.0,1.0,1.0,1.0
logic,10,3408,5,1,1.0,1.0,1.0,1.0,1.0,1.0,1.0,1.0,1.0,1.0,1.0,1.0,1.0,1.0,1.0,1.0,1.0
logic,10,3408,10,1,1.0,1.0,0.998046875,1.0,0.998046875,1.0,1.0,1.0,1.0,1.0,1.0,1.0,1.0,1.0,1.0,1.0,1.0
logic,10,3408,12,0,1.0,1.0,0.994140625,0.99609375,0.994140625,0.9997395833333333,0.9997395833333333,0.9997395833333333,1.0,1.0,1.0,1.0,1.0,1.0,1.0,1.0,1.0
logic,10,3408,15,0,0.90625,0.8125,0.869140625,0.818359375,0.810546875,0.96953125,0.9328125,0.9317708333333333,0.9967891483516483,0.9645947802197802,0.9645947802197802,0.9999951437451438,0.9687257187257188,0.9687257187257188,1.0,0.96875,0.96875
logic,10,3408,18,0,0.71875,0.65625,0.630859375,0.572265625,0.546875,0.8127604166666667,0.7854166666666667,0.7580729166666667,0.9215831043956044,0.9225103021978022,0.902918956043956,0.9694153069153069,0.9756750194250194,0.9682765151515151,1.0,1.0,1.0
logic,10,3408,20,0,0.34375,0.03125,0.23828125,0.021484375,0.017578125,0.40182291666666664,0.0421875,0.034895833333333334,0.6096497252747253,0.08147321428571429,0.06875,0.8139981546231546,0.153125,0.13333333333333333,0.96875,0.28125,0.25
logic,10,3408,25,0,0.09375,0.0,0.080078125,0.00390625,0.0,0.15234375,0.0078125,0.0,0.2767342032967033,0.015625,0.0,0.4651442307692308,0.03125,0.0,0.71875,0.0625,0.0
logic,10,3408,30,0,0.03125,0.0,0.037109375,0.0,0.0,0.07239583333333333,0.0,0.0,0.13837568681318682,0.0,0.0,0.25713141025641023,0.0,0.0,0.46875,0.0,0.0
logic,10,3408,35,0,0.0625,0.0,0.0390625,0.0,0.0,0.07552083333333334,0.0,0.0,0.1415006868131868,0.0,0.0,0.25088141025641025,0.0,0.0,0.40625,0.0,0.0
logic,10,3408,40,0,0.0,0.0,0.02734375,0.001953125,0.0,0.05390625,0.00390625,0.0,0.10468749999999999,0.0078125,0.0,0.196875,0.015625,0.0,0.34375,0.03125,0.0
logic,10,3408,45,0,0.03125,0.0,0.025390625,0.0,0.0,0.05,0.0,0.0,0.09687499999999999,0.0,0.0,0.18125,0.0,0.0,0.3125,0.0,0.0
logic,10,3408,50,0,0.0,0.0,0.013671875,0.0,0.0,0.027083333333333334,0.0,0.0,0.053125,0.0,0.0,0.10208333333333333,0.0,0.0,0.1875,0.0,0.0
logic,10,3409,1,1,1.0,1.0,1.0,1.0,1.0,1.0,1.0,1.0,1.0,1.0,1.0,1.0,1.0,1.0,1.0,1.0,1.0
logic,10,3409,2,1,1.0,1.0,1.0,1.0,1.0,1.0,1.0,1.0,1.0,1.0,1.0,1.0,1.0,1.0,1.0,1.0,1.0
logic,10,3409,5,1,1.0,1.0,1.0,1.0,1.0,1.0,1.0,1.0,1.0,1.0,1.0,1.0,1.0,1.0,1.0,1.0,1.0
logic,10,3409,10,1,1.0,1.0,1.0,1.0,1.0,1.0,1.0,1.0,1.0,1.0,1.0,1.0,1.0,1.0,1.0,1.0,1.0
logic,10,3409,12,0,0.96875,0.9375,0.99609375,0.978515625,0.978515625,1.0,0.996875,0.996875,1.0,0.9999656593406594,0.9999656593406594,1.0,1.0,1.0,1.0,1.0,1.0
logic,10,3409,15,0,1.0,0.90625,0.966796875,0.876953125,0.875,0.9981770833333333,0.9635416666666666,0.96328125,1.0,0.9926167582417582,0.9926167582417582,1.0,0.999599358974359,0.999599358974359,1.0,1.0,1.0
logic,10,3409,18,0,0.96875,0.875,0.6328125,0.521484375,0.513671875,0.82109375,0.7354166666666666,0.72421875,0.9326751373626374,0.896926510989011,0.8856799450549451,0.9847173659673659,0.9752209595959596,0.969874222999223,1.0,1.0,1.0
logic,10,3409,20,0,0.28125,0.0,0.31640625,0.07421875,0.0703125,0.51875,0.14114583333333333,0.13411458333333334,0.7487637362637363,0.25659340659340657,0.2454326923076923,0.9254856254856255,0.4327724358974359,0.4202724358974359,1.0,0.65625,0.65625
logic,10,3409,25,0,0.21875,0.0,0.197265625,0.0,0.0,0.3494791666666667,0.0,0.0,0.5578125,0.0,0.0,0.7604749417249417,0.0,0.0,0.875,0.0,0.0
logic,10,3409,30,0,0.09375,0.0,0.068359375,0.013671875,0.0,0.13203125,0.027083333333333334,0.0,0.2466346153846154,0.053125,0.0,0.43317307692307694,0.10208333333333333,0.0,0.6875,0.1875,0.0
logic,10,3409,35,0,0.03125,0.0,0.0625,0.009765625,0.0,0.11979166666666667,0.01953125,0.0,0.21986607142857142,0.0390625,0.0,0.3697916666666667,0.078125,0.0,0.53125,0.15625,0.0
logic,10,3409,40,0,0.0625,0.0,0.033203125,0.009765625,0.0,0.06458333333333334,0.01953125,0.0,0.12187499999999998,0.0390625,0.0,0.21458333333333332,0.078125,0.0,0.3125,0.15625,0.0
logic,10,3409,45,0,0.0,0.0,0.037109375,0.00390625,0.0,0.07213541666666667,0.0078125,0.0,0.13681318681318683,0.015625,0.0,0.2498397435897436,0.03125,0.0,0.4375,0.0625,0.0
logic,10,3409,50,0,0.0,0.0,0.017578125,0.013671875,0.001953125,0.03515625,0.027083333333333334,0.00390625,0.0703125,0.053125,0.0078125,0.140625,0.10208333333333333,0.015625,0.28125,0.1875,0.03125
logic,15,3407,1,1,1.0,1.0,1.0,1.0,1.0,1.0,1.0,1.0,1.0,1.0,1.0,1.0,1.0,1.0,1.0,1.0,1.0
logic,15,3407,2,1,1.0,1.0,1.0,1.0,1.0,1.0,1.0,1.0,1.0,1.0,1.0,1.0,1.0,1.0,1.0,1.0,1.0
logic,15,3407,5,1,1.0,1.0,1.0,1.0,1.0,1.0,1.0,1.0,1.0,1.0,1.0,1.0,1.0,1.0,1.0,1.0,1.0
logic,15,3407,10,1,1.0,1.0,1.0,1.0,1.0,1.0,1.0,1.0,1.0,1.0,1.0,1.0,1.0,1.0,1.0,1.0,1.0
logic,15,3407,12,1,1.0,1.0,1.0,1.0,1.0,1.0,1.0,1.0,1.0,1.0,1.0,1.0,1.0,1.0,1.0,1.0,1.0
logic,15,3407,15,1,1.0,1.0,0.998046875,0.998046875,0.998046875,1.0,1.0,1.0,1.0,1.0,1.0,1.0,1.0,1.0,1.0,1.0,1.0
logic,15,3407,18,0,1.0,1.0,0.9453125,0.935546875,0.935546875,0.9846354166666667,0.9838541666666667,0.9838541666666667,0.997235576923077,0.997235576923077,0.997235576923077,0.9999781468531469,0.9999781468531469,0.9999781468531469,1.0,1.0,1.0
logic,15,3407,20,0,0.25,0.0,0.359375,0.0234375,0.0234375,0.5864583333333333,0.04505208333333333,0.04505208333333333,0.8291723901098901,0.08368818681318682,0.08368818681318682,0.9776952214452215,0.14775641025641026,0.14775641025641026,1.0,0.25,0.25
logic,15,3407,25,0,0.1875,0.0,0.1328125,0.005859375,0.001953125,0.24947916666666667,0.01171875,0.00390625,0.44053914835164837,0.0234375,0.0078125,0.6919070512820513,0.046875,0.015625,0.90625,0.09375,0.03125
logic,15,3407,30,0,0.15625,0.0625,0.14453125,0.013671875,0.001953125,0.2651041666666667,0.02682291666666667,0.00390625,0.45252403846153844,0.0515625,0.0078125,0.691615675990676,0.09479166666666666,0.015625,0.90625,0.15625,0.03125
logic,15,3407,35,0,0.03125,0.0,0.056640625,0.001953125,0.0,0.10911458333333333,0.00390625,0.0,0.2026614010989011,0.0078125,0.0,0.35088141025641023,0.015625,0.0,0.53125,0.03125,0.0
logic,15,3407,40,0,0.09375,0.0,0.068359375,0.00390625,0.0,0.13255208333333335,0.0078125,0.0,0.24910714285714286,0.015625,0.0,0.4395833333333333,0.03125,0.0,0.6875,0.0625,0.0
logic,15,3407,45,0,0.0,0.0,0.01953125,0.001953125,0.0,0.0375,0.00390625,0.0,0.06919642857142858,0.0078125,0.0,0.11875,0.015625,0.0,0.1875,0.03125,0.0
logic,15,3407,50,0,0.1875,0.0,0.03125,0.009765625,0.0,0.062239583333333334,0.01901041666666667,0.0,0.1234375,0.0359375,0.0,0.24270833333333333,0.06354166666666666,0.0,0.46875,0.09375,0.0
logic,15,3408,1,1,1.0,1.0,1.0,1.0,1.0,1.0,1.0,1.0,1.0,1.0,1.0,1.0,1.0,1.0,1.0,1.0,1.0
logic,15,3408,2,1,1.0,1.0,1.0,1.0,1.0,1.0,1.0,1.0,1.0,1.0,1.0,1.0,1.0,1.0,1.0,1.0,1.0
logic,15,3408,5,1,1.0,1.0,1.0,1.0,1.0,1.0,1.0,1.0,1.0,1.0,1.0,1.0,1.0,1.0,1.0,1.0,1.0
logic,15,3408,10,1,1.0,1.0,1.0,1.0,1.0,1.0,1.0,1.0,1.0,1.0,1.0,1.0,1.0,1.0,1.0,1.0,1.0
logic,15,3408,12,1,1.0,1.0,1.0,1.0,1.0,1.0,1.0,1.0,1.0,1.0,1.0,1.0,1.0,1.0,1.0,1.0,1.0
logic,15,3408,15,1,1.0,1.0,1.0,1.0,1.0,1.0,1.0,1.0,1.0,1.0,1.0,1.0,1.0,1.0,1.0,1.0,1.0
logic,15,3408,18,0,0.96875,1.0,0.978515625,0.982421875,0.96875,0.99453125,0.9997395833333333,0.9942708333333333,0.9993990384615384,1.0,0.9993990384615384,1.0,1.0,1.0,1.0,1.0,1.0
logic,15,3408,20,0,0.53125,0.0,0.517578125,0.02734375,0.025390625,0.7570312499999999,0.05390625,0.05,0.9376201923076923,0.10491071428571429,0.09709821428571429,0.997086247086247,0.2,0.184375,1.0,0.375,0.34375
logic,15,3408,25,0,0.3125,0.03125,0.23046875,0.06640625,0.029296875,0.40625,0.12890625,0.0578125,0.645260989010989,0.24285714285714285,0.11249999999999999,0.874599358974359,0.43124999999999997,0.2125,1.0,0.6875,0.375
logic,15,3408,30,0,0.125,0.03125,0.181640625,0.03125,0.009765625,0.32864583333333336,0.06197916666666667,0.01953125,0.5430975274725275,0.121875,0.0390625,0.771933275058275,0.23541666666666666,0.078125,0.90625,0.4375,0.15625
logic,15,3408,35,0,0.09375,0.03125,0.14453125,0.013671875,0.00390625,0.2630208333333333,0.02734375,0.0078125,0.44476304945054945,0.0546875,0.015625,0.6768915112665113,0.109375,0.03125,0.90625,0.21875,0.0625
logic,15,3408,40,0,0.15625,0.0625,0.099609375,0.009765625,0.0,0.1890625,0.01901041666666667,0.0,0.34101991758241756,0.0359375,0.0,0.5588942307692307,0.06354166666666666,0.0,0.78125,0.09375,0.0
logic,15,3408,45,0,0.03125,0.03125,0.021484375,0.0546875,0.001953125,0.04088541666666667,0.10703125,0.00390625,0.07431318681318681,0.20513392857142856,0.0078125,0.12483974358974359,0.378125,0.015625,0.1875,0.65625,0.03125
logic,15,3408,50,0,0.03125,0.125,0.029296875,0.03125,0.0,0.05807291666666667,0.06145833333333334,0.0,0.1140625,0.11897321428571428,0.0,0.21979166666666666,0.22395833333333334,0.0,0.40625,0.40625,0.0
logic,15,3409,1,1,1.0,1.0,1.0,1.0,1.0,1.0,1.0,1.0,1.0,1.0,1.0,1.0,1.0,1.0,1.0,1.0,1.0
logic,15,3409,2,1,1.0,1.0,1.0,1.0,1.0,1.0,1.0,1.0,1.0,1.0,1.0,1.0,1.0,1.0,1.0,1.0,1.0
logic,15,3409,5,1,1.0,1.0,1.0,1.0,1.0,1.0,1.0,1.0,1.0,1.0,1.0,1.0,1.0,1.0,1.0,1.0,1.0
logic,15,3409,10,1,1.0,1.0,1.0,1.0,1.0,1.0,1.0,1.0,1.0,1.0,1.0,1.0,1.0,1.0,1.0,1.0,1.0
logic,15,3409,12,1,1.0,1.0,1.0,1.0,1.0,1.0,1.0,1.0,1.0,1.0,1.0,1.0,1.0,1.0,1.0,1.0,1.0
logic,15,3409,15,1,1.0,1.0,0.998046875,0.998046875,0.998046875,1.0,1.0,1.0,1.0,1.0,1.0,1.0,1.0,1.0,1.0,1.0,1.0
logic,15,3409,18,0,1.0,1.0,0.9921875,0.982421875,0.982421875,0.9997395833333333,0.99921875,0.99921875,1.0,1.0,1.0,1.0,1.0,1.0,1.0,1.0,1.0
logic,15,3409,20,0,0.53125,0.0,0.537109375,0.078125,0.078125,0.7768229166666667,0.146875,0.146875,0.9355940934065934,0.2641311813186813,0.2641311813186813,0.9829618298368299,0.44685314685314687,0.44685314685314687,1.0,0.6875,0.6875
logic,15,3409,25,0,0.5625,0.03125,0.408203125,0.01171875,0.009765625,0.6419270833333334,0.020833333333333336,0.016927083333333336,0.8626201923076924,0.03339629120879121,0.025583791208791208,0.98121114996115,0.046474358974358976,0.030849358974358976,1.0,0.0625,0.03125
logic,15,3409,30,0,0.28125,0.0,0.240234375,0.001953125,0.001953125,0.4197916666666667,0.00390625,0.00390625,0.6533653846153846,0.0078125,0.0078125,0.8603438228438228,0.015625,0.015625,1.0,0.03125,0.03125
logic,15,3409,35,0,0.1875,0.0,0.109375,0.0,0.0,0.19609375,0.0,0.0,0.3278502747252747,0.0,0.0,0.5077675796425797,0.0,0.0,0.71875,0.0,0.0
logic,15,3409,40,0,0.0,0.0,0.005859375,0.0,0.0,0.01171875,0.0,0.0,0.0234375,0.0,0.0,0.046875,0.0,0.0,0.09375,0.0,0.0
logic,15,3409,45,0,0.0,0.0,0.0,0.0,0.0,0.0,0.0,0.0,0.0,0.0,0.0,0.0,0.0,0.0,0.0,0.0,0.0
logic,15,3409,50,0,0.03125,0.0,0.005859375,0.0,0.0,0.01171875,0.0,0.0,0.0234375,0.0,0.0,0.046875,0.0,0.0,0.09375,0.0,0.0
logic,20,3407,1,1,1.0,1.0,1.0,1.0,1.0,1.0,1.0,1.0,1.0,1.0,1.0,1.0,1.0,1.0,1.0,1.0,1.0
logic,20,3407,2,1,1.0,1.0,1.0,1.0,1.0,1.0,1.0,1.0,1.0,1.0,1.0,1.0,1.0,1.0,1.0,1.0,1.0
logic,20,3407,5,1,1.0,1.0,1.0,1.0,1.0,1.0,1.0,1.0,1.0,1.0,1.0,1.0,1.0,1.0,1.0,1.0,1.0
logic,20,3407,10,1,1.0,1.0,1.0,1.0,1.0,1.0,1.0,1.0,1.0,1.0,1.0,1.0,1.0,1.0,1.0,1.0,1.0
logic,20,3407,12,1,1.0,1.0,1.0,1.0,1.0,1.0,1.0,1.0,1.0,1.0,1.0,1.0,1.0,1.0,1.0,1.0,1.0
logic,20,3407,15,1,1.0,1.0,1.0,1.0,1.0,1.0,1.0,1.0,1.0,1.0,1.0,1.0,1.0,1.0,1.0,1.0,1.0
logic,20,3407,18,1,1.0,1.0,1.0,1.0,1.0,1.0,1.0,1.0,1.0,1.0,1.0,1.0,1.0,1.0,1.0,1.0,1.0
logic,20,3407,20,1,1.0,1.0,1.0,0.99609375,0.99609375,1.0,1.0,1.0,1.0,1.0,1.0,1.0,1.0,1.0,1.0,1.0,1.0
logic,20,3407,25,0,0.34375,0.03125,0.439453125,0.03125,0.03125,0.6596354166666667,0.03125,0.03125,0.8582074175824176,0.03125,0.03125,0.9620192307692308,0.03125,0.03125,1.0,0.03125,0.03125
logic,20,3407,30,0,0.15625,0.0,0.248046875,0.001953125,0.0,0.42421875,0.00390625,0.0,0.6523351648351648,0.0078125,0.0,0.8676427738927739,0.015625,0.0,1.0,0.03125,0.0
logic,20,3407,35,0,0.125,0.0,0.1640625,0.001953125,0.0,0.2986979166666667,0.00390625,0.0,0.5003262362637363,0.0078125,0.0,0.7300262237762237,0.015625,0.0,0.875,0.03125,0.0
logic,20,3407,40,0,0.15625,0.0,0.08203125,0.0,0.0,0.15677083333333333,0.0,0.0,0.28701923076923075,0.0,0.0,0.48717948717948717,0.0,0.0,0.75,0.0,0.0
logic,20,3407,45,0,0.0,0.0,0.015625,0.00390625,0.0,0.03125,0.0078125,0.0,0.0625,0.015625,0.0,0.125,0.03125,0.0,0.25,0.0625,0.0
logic,20,3407,50,0,0.0,0.0,0.01171875,0.0,0.0,0.0234375,0.0,0.0,0.046875,0.0,0.0,0.09375,0.0,0.0,0.1875,0.0,0.0
logic,20,3408,1,1,1.0,1.0,1.0,1.0,1.0,1.0,1.0,1.0,1.0,1.0,1.0,1.0,1.0,1.0,1.0,1.0,1.0
logic,20,3408,2,1,1.0,1.0,1.0,1.0,1.0,1.0,1.0,1.0,1.0,1.0,1.0,1.0,1.0,1.0,1.0,1.0,1.0
logic,20,3408,5,1,1.0,1.0,1.0,1.0,1.0,1.0,1.0,1.0,1.0,1.0,1.0,1.0,1.0,1.0,1.0,1.0,1.0
logic,20,3408,10,1,1.0,1.0,1.0,1.0,1.0,1.0,1.0,1.0,1.0,1.0,1.0,1.0,1.0,1.0,1.0,1.0,1.0
logic,20,3408,12,1,1.0,1.0,1.0,1.0,1.0,1.0,1.0,1.0,1.0,1.0,1.0,1.0,1.0,1.0,1.0,1.0,1.0
logic,20,3408,15,1,1.0,1.0,1.0,1.0,1.0,1.0,1.0,1.0,1.0,1.0,1.0,1.0,1.0,1.0,1.0,1.0,1.0
logic,20,3408,18,1,1.0,1.0,1.0,1.0,1.0,1.0,1.0,1.0,1.0,1.0,1.0,1.0,1.0,1.0,1.0,1.0,1.0
logic,20,3408,20,1,1.0,1.0,1.0,0.99609375,0.99609375,1.0,0.9997395833333333,0.9997395833333333,1.0,1.0,1.0,1.0,1.0,1.0,1.0,1.0,1.0
logic,20,3408,25,0,0.375,0.4375,0.302734375,0.283203125,0.16015625,0.475,0.45859375,0.2526041666666667,0.6756868131868132,0.6751373626373627,0.37814217032967035,0.8443643162393163,0.8673708236208236,0.5283119658119658,0.90625,0.96875,0.6875
logic,20,3408,30,0,0.28125,0.15625,0.203125,0.08203125,0.04296875,0.3520833333333333,0.15130208333333334,0.08177083333333333,0.5521291208791209,0.2617445054945055,0.14842032967032967,0.7621989121989122,0.41628787878787876,0.24775641025641026,0.90625,0.625,0.375
logic,20,3408,35,0,0.15625,0.0625,0.154296875,0.029296875,0.005859375,0.2846354166666667,0.0578125,0.011458333333333334,0.4884787087912088,0.11249999999999999,0.021875,0.7449227855477856,0.2125,0.03958333333333333,0.96875,0.375,0.0625
logic,20,3408,40,0,0.0,0.0,0.107421875,0.01171875,0.00390625,0.20234375,0.023177083333333334,0.0078125,0.36014766483516486,0.0453125,0.015625,0.5794871794871795,0.08645833333333333,0.03125,0.8125,0.15625,0.0625
logic,20,3408,45,0,0.0625,0.0,0.05859375,0.017578125,0.0,0.109375,0.03463541666666667,0.0,0.19471153846153844,0.0671875,0.0,0.32497814685314685,0.12604166666666666,0.0,0.46875,0.21875,0.0
logic,20,3408,50,0,0.03125,0.0,0.041015625,0.01171875,0.0,0.08046875,0.023177083333333334,0.0,0.1549107142857143,0.0453125,0.0,0.2875,0.08645833333333333,0.0,0.5,0.15625,0.0
logic,20,3409,1,1,1.0,1.0,1.0,1.0,1.0,1.0,1.0,1.0,1.0,1.0,1.0,1.0,1.0,1.0,1.0,1.0,1.0
logic,20,3409,2,1,1.0,1.0,1.0,1.0,1.0,1.0,1.0,1.0,1.0,1.0,1.0,1.0,1.0,1.0,1.0,1.0,1.0
logic,20,3409,5,1,1.0,1.0,1.0,1.0,1.0,1.0,1.0,1.0,1.0,1.0,1.0,1.0,1.0,1.0,1.0,1.0,1.0
logic,20,3409,10,1,1.0,1.0,1.0,1.0,1.0,1.0,1.0,1.0,1.0,1.0,1.0,1.0,1.0,1.0,1.0,1.0,1.0
logic,20,3409,12,1,1.0,1.0,0.998046875,0.998046875,0.998046875,1.0,1.0,1.0,1.0,1.0,1.0,1.0,1.0,1.0,1.0,1.0,1.0
logic,20,3409,15,1,1.0,1.0,1.0,1.0,1.0,1.0,1.0,1.0,1.0,1.0,1.0,1.0,1.0,1.0,1.0,1.0,1.0
logic,20,3409,18,1,1.0,1.0,1.0,1.0,1.0,1.0,1.0,1.0,1.0,1.0,1.0,1.0,1.0,1.0,1.0,1.0,1.0
logic,20,3409,20,1,1.0,1.0,0.994140625,0.994140625,0.994140625,0.99921875,0.99921875,0.99921875,1.0,1.0,1.0,1.0,1.0,1.0,1.0,1.0,1.0
logic,20,3409,25,0,0.625,0.15625,0.66015625,0.076171875,0.07421875,0.85546875,0.11145833333333333,0.10755208333333333,0.9661744505494505,0.16292925824175825,0.15511675824175825,0.9979215229215229,0.22770250582750584,0.21207750582750584,1.0,0.3125,0.28125
logic,20,3409,30,0,0.5625,0.09375,0.55859375,0.068359375,0.05859375,0.8075520833333333,0.12682291666666667,0.1078125,0.965573489010989,0.2255837912087912,0.1896462912087912,0.9994803807303807,0.3833309052059052,0.3197892385392385,1.0,0.59375,0.5
logic,20,3409,35,0,0.40625,0.03125,0.44921875,0.041015625,0.0390625,0.6919270833333333,0.07916666666666666,0.07526041666666666,0.9010817307692308,0.14754464285714286,0.13973214285714286,0.9915282634032634,0.25729166666666664,0.24166666666666667,1.0,0.40625,0.375
logic,20,3409,40,0,0.375,0.03125,0.33984375,0.037109375,0.025390625,0.55078125,0.07291666666666667,0.05026041666666667,0.7805975274725275,0.140625,0.0984375,0.9457920551670552,0.26041666666666663,0.18854166666666666,1.0,0.4375,0.34375
logic,20,3409,45,0,0.09375,0.0,0.1953125,0.009765625,0.0078125,0.34270833333333334,0.019270833333333334,0.015364583333333334,0.5452953296703297,0.0375,0.0296875,0.7530448717948718,0.07083333333333333,0.05520833333333333,0.875,0.125,0.09375
logic,20,3409,50,0,0.21875,0.0,0.150390625,0.0078125,0.001953125,0.2765625,0.015625,0.00390625,0.4732486263736264,0.03125,0.0078125,0.7233755827505828,0.0625,0.015625,0.96875,0.125,0.03125
logic,25,3407,1,1,1.0,1.0,1.0,1.0,1.0,1.0,1.0,1.0,1.0,1.0,1.0,1.0,1.0,1.0,1.0,1.0,1.0
logic,25,3407,2,1,1.0,1.0,1.0,1.0,1.0,1.0,1.0,1.0,1.0,1.0,1.0,1.0,1.0,1.0,1.0,1.0,1.0
logic,25,3407,5,1,1.0,1.0,1.0,1.0,1.0,1.0,1.0,1.0,1.0,1.0,1.0,1.0,1.0,1.0,1.0,1.0,1.0
logic,25,3407,10,1,1.0,1.0,1.0,1.0,1.0,1.0,1.0,1.0,1.0,1.0,1.0,1.0,1.0,1.0,1.0,1.0,1.0
logic,25,3407,12,1,1.0,1.0,1.0,1.0,1.0,1.0,1.0,1.0,1.0,1.0,1.0,1.0,1.0,1.0,1.0,1.0,1.0
logic,25,3407,15,1,1.0,1.0,1.0,1.0,1.0,1.0,1.0,1.0,1.0,1.0,1.0,1.0,1.0,1.0,1.0,1.0,1.0
logic,25,3407,18,1,1.0,1.0,1.0,1.0,1.0,1.0,1.0,1.0,1.0,1.0,1.0,1.0,1.0,1.0,1.0,1.0,1.0
logic,25,3407,20,1,1.0,1.0,1.0,1.0,1.0,1.0,1.0,1.0,1.0,1.0,1.0,1.0,1.0,1.0,1.0,1.0,1.0
logic,25,3407,25,1,1.0,1.0,1.0,1.0,1.0,1.0,1.0,1.0,1.0,1.0,1.0,1.0,1.0,1.0,1.0,1.0,1.0
logic,25,3407,30,0,1.0,0.96875,0.9375,0.90625,0.900390625,0.9911458333333333,0.9635416666666666,0.9614583333333333,0.9998626373626374,0.9764251373626374,0.9762877747252747,1.0,0.984375,0.984375,1.0,1.0,1.0
logic,25,3407,35,0,0.9375,0.9375,0.90625,0.912109375,0.892578125,0.97890625,0.984375,0.9776041666666667,0.9960508241758241,0.9977506868131868,0.9960508241758241,0.9998907342657343,0.9999781468531469,0.9998907342657343,1.0,1.0,1.0
logic,25,3407,40,0,0.78125,0.78125,0.77734375,0.759765625,0.736328125,0.9229166666666666,0.9046875,0.8908854166666667,0.9802197802197802,0.9665178571428571,0.9622252747252747,0.9982881701631702,0.9913922882672883,0.9910790598290599,1.0,1.0,1.0
logic,25,3407,45,0,0.71875,0.6875,0.66015625,0.587890625,0.556640625,0.82421875,0.7596354166666667,0.7385416666666667,0.901974587912088,0.8645604395604396,0.8509958791208792,0.9384251165501165,0.9215520590520591,0.9111888111888112,0.96875,0.96875,0.96875
logic,25,3407,50,0,0.46875,0.34375,0.41015625,0.318359375,0.294921875,0.6307291666666667,0.5109375,0.48046875,0.8390968406593406,0.7146119505494506,0.6839457417582417,0.9694881507381508,0.8563107031857032,0.8357201825951825,1.0,0.90625,0.90625
logic,25,3408,1,1,1.0,1.0,1.0,1.0,1.0,1.0,1.0,1.0,1.0,1.0,1.0,1.0,1.0,1.0,1.0,1.0,1.0
logic,25,3408,2,1,1.0,1.0,1.0,1.0,1.0,1.0,1.0,1.0,1.0,1.0,1.0,1.0,1.0,1.0,1.0,1.0,1.0
logic,25,3408,5,1,1.0,1.0,1.0,1.0,1.0,1.0,1.0,1.0,1.0,1.0,1.0,1.0,1.0,1.0,1.0,1.0,1.0
logic,25,3408,10,1,1.0,1.0,1.0,1.0,1.0,1.0,1.0,1.0,1.0,1.0,1.0,1.0,1.0,1.0,1.0,1.0,1.0
logic,25,3408,12,1,1.0,1.0,1.0,1.0,1.0,1.0,1.0,1.0,1.0,1.0,1.0,1.0,1.0,1.0,1.0,1.0,1.0
logic,25,3408,15,1,1.0,1.0,1.0,1.0,1.0,1.0,1.0,1.0,1.0,1.0,1.0,1.0,1.0,1.0,1.0,1.0,1.0
logic,25,3408,18,1,1.0,1.0,1.0,1.0,1.0,1.0,1.0,1.0,1.0,1.0,1.0,1.0,1.0,1.0,1.0,1.0,1.0
logic,25,3408,20,1,1.0,1.0,1.0,1.0,1.0,1.0,1.0,1.0,1.0,1.0,1.0,1.0,1.0,1.0,1.0,1.0,1.0
logic,25,3408,25,1,1.0,1.0,1.0,1.0,1.0,1.0,1.0,1.0,1.0,1.0,1.0,1.0,1.0,1.0,1.0,1.0,1.0
logic,25,3408,30,0,1.0,1.0,0.96484375,0.97265625,0.958984375,0.9950520833333333,0.9973958333333334,0.9942708333333333,0.999896978021978,0.9999828296703297,0.999896978021978,1.0,1.0,1.0,1.0,1.0,1.0
logic,25,3408,35,0,1.0,0.96875,0.962890625,0.939453125,0.931640625,0.9971354166666667,0.9877604166666667,0.9877604166666667,0.9999828296703297,0.9987637362637363,0.9987637362637363,1.0,0.9999975718725719,0.9999975718725719,1.0,1.0,1.0
logic,25,3408,40,0,0.8125,0.8125,0.822265625,0.7578125,0.7578125,0.9140625,0.871875,0.871875,0.9527987637362637,0.9275755494505494,0.9275755494505494,0.9822916666666667,0.9666666666666667,0.9666666666666667,1.0,1.0,1.0
logic,25,3408,45,0,0.90625,0.875,0.83203125,0.75,0.73046875,0.9541666666666666,0.89375,0.8846354166666667,0.9938358516483516,0.9561298076923077,0.9543956043956043,0.9999538655788656,0.9851981351981351,0.9851932789432789,1.0,1.0,1.0
logic,25,3408,50,0,0.875,0.90625,0.7734375,0.720703125,0.6953125,0.91640625,0.859375,0.8473958333333333,0.9737122252747252,0.9085851648351648,0.9059752747252747,0.9955638111888112,0.9218507187257188,0.9218264374514374,1.0,0.9375,0.9375
logic,25,3409,1,1,1.0,1.0,1.0,1.0,1.0,1.0,1.0,1.0,1.0,1.0,1.0,1.0,1.0,1.0,1.0,1.0,1.0
logic,25,3409,2,1,1.0,1.0,1.0,1.0,1.0,1.0,1.0,1.0,1.0,1.0,1.0,1.0,1.0,1.0,1.0,1.0,1.0
logic,25,3409,5,1,1.0,1.0,1.0,1.0,1.0,1.0,1.0,1.0,1.0,1.0,1.0,1.0,1.0,1.0,1.0,1.0,1.0
logic,25,3409,10,1,1.0,1.0,1.0,1.0,1.0,1.0,1.0,1.0,1.0,1.0,1.0,1.0,1.0,1.0,1.0,1.0,1.0
logic,25,3409,12,1,1.0,1.0,1.0,1.0,1.0,1.0,1.0,1.0,1.0,1.0,1.0,1.0,1.0,1.0,1.0,1.0,1.0
logic,25,3409,15,1,1.0,1.0,1.0,1.0,1.0,1.0,1.0,1.0,1.0,1.0,1.0,1.0,1.0,1.0,1.0,1.0,1.0
logic,25,3409,18,1,1.0,1.0,1.0,1.0,1.0,1.0,1.0,1.0,1.0,1.0,1.0,1.0,1.0,1.0,1.0,1.0,1.0
logic,25,3409,20,1,1.0,1.0,0.99609375,0.99609375,0.99609375,0.9997395833333333,0.9997395833333333,0.9997395833333333,1.0,1.0,1.0,1.0,1.0,1.0,1.0,1.0,1.0
logic,25,3409,25,1,1.0,1.0,0.99609375,0.994140625,0.994140625,0.9997395833333333,0.9997395833333333,0.9997395833333333,1.0,1.0,1.0,1.0,1.0,1.0,1.0,1.0,1.0
logic,25,3409,30,0,0.875,0.78125,0.732421875,0.6484375,0.642578125,0.9015624999999999,0.8223958333333333,0.8177083333333333,0.9849072802197802,0.9430288461538462,0.9395947802197803,0.9998397435897436,0.9936067404817405,0.9928030303030303,1.0,1.0,1.0
logic,25,3409,35,0,0.84375,0.84375,0.708984375,0.630859375,0.625,0.8763020833333334,0.79921875,0.7966145833333333,0.9685267857142857,0.9126717032967033,0.9125686813186813,0.9979069541569542,0.9825466200466201,0.9825466200466201,1.0,1.0,1.0
logic,25,3409,40,0,0.84375,0.84375,0.65234375,0.587890625,0.583984375,0.8455729166666667,0.7614583333333333,0.75859375,0.9632383241758242,0.8768543956043956,0.8758756868131868,0.998589257964258,0.9300796425796426,0.9300602175602176,1.0,0.9375,0.9375
logic,25,3409,45,0,0.59375,0.59375,0.572265625,0.5390625,0.5234375,0.7770833333333333,0.7510416666666666,0.7322916666666667,0.9124828296703297,0.9027987637362638,0.8893372252747253,0.9721469502719503,0.9662126068376068,0.9630001942501942,1.0,1.0,1.0
logic,25,3409,50,0,0.65625,0.625,0.53125,0.4609375,0.44921875,0.75,0.6791666666666667,0.66796875,0.8960336538461539,0.8559065934065934,0.8496565934065934,0.9496964840714841,0.9409722222222222,0.9404865967365967,0.96875,0.96875,0.96875
nl_exact,5,3407,1,1,1.0,1.0,1.0,1.0,1.0,1.0,1.0,1.0,1.0,1.0,1.0,1.0,1.0,1.0,1.0,1.0,1.0
nl_exact,5,3407,2,1,1.0,1.0,1.0,1.0,1.0,1.0,1.0,1.0,1.0,1.0,1.0,1.0,1.0,1.0,1.0,1.0,1.0
nl_exact,5,3407,5,1,1.0,1.0,1.0,1.0,1.0,1.0,1.0,1.0,1.0,1.0,1.0,1.0,1.0,1.0,1.0,1.0,1.0
nl_exact,5,3407,10,0,1.0,1.0,1.0,1.0,1.0,1.0,1.0,1.0,1.0,1.0,1.0,1.0,1.0,1.0,1.0,1.0,1.0
nl_exact,5,3407,12,0,1.0,1.0,0.998046875,0.998046875,0.998046875,1.0,1.0,1.0,1.0,1.0,1.0,1.0,1.0,1.0,1.0,1.0,1.0
nl_exact,5,3407,15,0,1.0,1.0,0.984375,0.982421875,0.982421875,0.9927083333333333,0.990625,0.990625,0.9987980769230769,0.9978365384615384,0.9978365384615384,0.9999975718725719,0.9999781468531469,0.9999781468531469,1.0,1.0,1.0
nl_exact,5,3407,18,0,1.0,1.0,0.9921875,0.9921875,0.9921875,0.9994791666666667,0.9994791666666667,0.9994791666666667,1.0,1.0,1.0,1.0,1.0,1.0,1.0,1.0,1.0
nl_exact,5,3407,20,0,0.9375,0.9375,0.890625,0.87890625,0.875,0.9424479166666667,0.9354166666666667,0.93359375,0.9596497252747253,0.9584478021978022,0.9578468406593407,0.9675480769230769,0.9675456487956487,0.9675432206682206,0.96875,0.96875,0.96875
nl_exact,5,3407,25,0,0.90625,0.90625,0.87109375,0.85546875,0.83984375,0.95859375,0.9533854166666667,0.9481770833333333,0.9763392857142857,0.9760645604395605,0.9757383241758242,0.984375,0.984375,0.984375,1.0,1.0,1.0
nl_exact,5,3407,30,0,0.84375,0.78125,0.40625,0.384765625,0.337890625,0.6322916666666666,0.60703125,0.5510416666666667,0.8347012362637363,0.8183550824175825,0.7744677197802198,0.9380487567987568,0.9351689976689976,0.9134275446775447,0.96875,0.96875,0.96875
nl_exact,5,3407,35,0,0.0,0.0,0.0703125,0.05078125,0.05078125,0.13255208333333335,0.0984375,0.0984375,0.23672733516483518,0.18504464285714287,0.18504464285714287,0.3858974358974359,0.328125,0.328125,0.5625,0.53125,0.53125
nl_exact,5,3407,40,0,0.0,0.0,0.076171875,0.0703125,0.068359375,0.14401041666666667,0.13307291666666668,0.12916666666666668,0.2595638736263736,0.24059065934065932,0.23277815934065932,0.4321824009324009,0.40405740093240095,0.38843240093240095,0.625,0.59375,0.5625
nl_exact,5,3407,45,0,0.0,0.0,0.0703125,0.05859375,0.05859375,0.13151041666666666,0.10885416666666667,0.10885416666666667,0.23231456043956045,0.19012706043956046,0.19012706043956046,0.37473047785547786,0.30285547785547784,0.30285547785547784,0.53125,0.4375,0.4375
nl_exact,5,3407,50,0,0.0,0.0,0.0625,0.05078125,0.046875,0.1171875,0.09583333333333334,0.08828125,0.20865384615384616,0.1719951923076923,0.1579326923076923,0.3455638111888112,0.2858974358974359,0.2619391025641026,0.53125,0.4375,0.40625
nl_exact,5,3408,1,1,1.0,1.0,1.0,1.0,1.0,1.0,1.0,1.0,1.0,1.0,1.0,1.0,1.0,1.0,1.0,1.0,1.0
nl_exact,5,3408,2,1,1.0,1.0,1.0,1.0,1.0,1.0,1.0,1.0,1.0,1.0,1.0,1.0,1.0,1.0,1.0,1.0,1.0
nl_exact,5,3408,5,1,1.0,1.0,1.0,1.0,1.0,1.0,1.0,1.0,1.0,1.0,1.0,1.0,1.0,1.0,1.0,1.0,1.0
nl_exact,5,3408,10,0,1.0,1.0,1.0,1.0,1.0,1.0,1.0,1.0,1.0,1.0,1.0,1.0,1.0,1.0,1.0,1.0,1.0
nl_exact,5,3408,12,0,1.0,1.0,1.0,1.0,1.0,1.0,1.0,1.0,1.0,1.0,1.0,1.0,1.0,1.0,1.0,1.0,1.0
nl_exact,5,3408,15,0,1.0,1.0,0.998046875,0.998046875,0.998046875,1.0,1.0,1.0,1.0,1.0,1.0,1.0,1.0,1.0,1.0,1.0,1.0
nl_exact,5,3408,18,0,1.0,1.0,0.95703125,0.95703125,0.95703125,0.9908854166666666,0.9908854166666666,0.9908854166666666,0.9993131868131868,0.9993131868131868,0.9993131868131868,1.0,1.0,1.0,1.0,1.0,1.0
nl_exact,5,3408,20,0,0.9375,0.9375,0.916015625,0.916015625,0.916015625,0.9528645833333333,0.9528645833333333,0.9528645833333333,0.9630837912087912,0.9630837912087912,0.9630837912087912,0.968349358974359,0.968349358974359,0.968349358974359,0.96875,0.96875,0.96875
nl_exact,5,3408,25,0,1.0,0.9375,0.9375,0.880859375,0.880859375,0.9940104166666667,0.95859375,0.95859375,0.9999141483516484,0.9848729395604395,0.9848729395604395,1.0,0.9968531468531469,0.9968531468531469,1.0,1.0,1.0
nl_exact,5,3408,30,0,0.75,0.71875,0.1796875,0.12890625,0.12890625,0.30625,0.23333333333333334,0.23333333333333334,0.4962396978021978,0.3893028846153846,0.3893028846153846,0.7249125874125874,0.5812135780885781,0.5812135780885781,0.90625,0.78125,0.78125
nl_exact,5,3408,35,0,0.03125,0.0,0.04296875,0.03515625,0.03515625,0.08307291666666666,0.06770833333333333,0.06770833333333333,0.1557864010989011,0.1260989010989011,0.1260989010989011,0.2779647435897436,0.22275641025641024,0.22275641025641024,0.46875,0.375,0.375
nl_exact,5,3408,40,0,0.03125,0.0,0.03515625,0.025390625,0.025390625,0.06822916666666667,0.04895833333333333,0.04895833333333333,0.12900068681318683,0.09150068681318682,0.09150068681318682,0.2342147435897436,0.16338141025641026,0.16338141025641026,0.40625,0.28125,0.28125
nl_exact,5,3408,45,0,0.125,0.0,0.029296875,0.0078125,0.0078125,0.05677083333333333,0.015625,0.015625,0.10669642857142858,0.03125,0.03125,0.18958333333333333,0.0625,0.0625,0.3125,0.125,0.125
nl_exact,5,3408,50,0,0.0625,0.03125,0.033203125,0.01171875,0.01171875,0.06432291666666667,0.02265625,0.02265625,0.12075892857142857,0.04241071428571429,0.04241071428571429,0.21354166666666666,0.075,0.075,0.34375,0.125,0.125
nl_exact,5,3409,1,1,1.0,1.0,1.0,1.0,1.0,1.0,1.0,1.0,1.0,1.0,1.0,1.0,1.0,1.0,1.0,1.0,1.0
nl_exact,5,3409,2,1,1.0,1.0,1.0,1.0,1.0,1.0,1.0,1.0,1.0,1.0,1.0,1.0,1.0,1.0,1.0,1.0,1.0
nl_exact,5,3409,5,1,1.0,1.0,1.0,1.0,1.0,1.0,1.0,1.0,1.0,1.0,1.0,1.0,1.0,1.0,1.0,1.0,1.0
nl_exact,5,3409,10,0,1.0,1.0,1.0,1.0,1.0,1.0,1.0,1.0,1.0,1.0,1.0,1.0,1.0,1.0,1.0,1.0,1.0
nl_exact,5,3409,12,0,0.96875,0.96875,0.966796875,0.966796875,0.966796875,0.9841145833333333,0.9841145833333333,0.9841145833333333,0.9943166208791209,0.9943166208791209,0.9943166208791209,0.999599358974359,0.999599358974359,0.999599358974359,1.0,1.0,1.0
nl_exact,5,3409,15,0,0.90625,0.96875,0.75390625,0.966796875,0.751953125,0.9104166666666667,0.98671875,0.9098958333333333,0.9795673076923077,0.9963770604395604,0.9795673076923077,0.9985552641802642,0.9998907342657343,0.9985552641802642,1.0,1.0,1.0
nl_exact,5,3409,18,0,0.8125,0.96875,0.693359375,0.9453125,0.6875,0.85,0.9651041666666667,0.8453125,0.9326236263736264,0.9686641483516484,0.931507554945055,0.9608124514374514,0.96875,0.9608100233100233,0.96875,0.96875,0.96875
nl_exact,5,3409,20,0,0.78125,0.78125,0.7578125,0.759765625,0.7578125,0.8153645833333333,0.8153645833333333,0.8153645833333333,0.8520776098901099,0.8520776098901099,0.8520776098901099,0.8713626651126651,0.8713626651126651,0.8713626651126651,0.875,0.875,0.875
nl_exact,5,3409,25,0,0.4375,0.78125,0.47265625,0.75390625,0.431640625,0.7010416666666667,0.85546875,0.64140625,0.8847699175824176,0.9087225274725275,0.8166208791208791,0.9742108585858585,0.9497280497280497,0.9159892191142192,1.0,0.96875,0.96875
nl_exact,5,3409,30,0,0.0,0.6875,0.05859375,0.142578125,0.009765625,0.10885416666666667,0.25807291666666665,0.019270833333333334,0.19012706043956046,0.4281593406593407,0.0375,0.30285547785547784,0.6173368298368298,0.07083333333333333,0.4375,0.75,0.125
nl_exact,5,3409,35,0,0.0625,0.0,0.013671875,0.0078125,0.00390625,0.027083333333333334,0.015625,0.0078125,0.053125,0.03125,0.015625,0.10208333333333333,0.0625,0.03125,0.1875,0.125,0.0625
nl_exact,5,3409,40,0,0.0,0.0,0.001953125,0.00390625,0.001953125,0.00390625,0.0078125,0.00390625,0.0078125,0.015625,0.0078125,0.015625,0.03125,0.015625,0.03125,0.0625,0.03125
nl_exact,5,3409,45,0,0.0,0.0,0.001953125,0.001953125,0.001953125,0.00390625,0.00390625,0.00390625,0.0078125,0.0078125,0.0078125,0.015625,0.015625,0.015625,0.03125,0.03125,0.03125
nl_exact,5,3409,50,0,0.0,0.0,0.01171875,0.01171875,0.00390625,0.02291666666666667,0.023177083333333334,0.007552083333333334,0.04375,0.0453125,0.014062499999999999,0.07916666666666666,0.08645833333333333,0.02395833333333333,0.125,0.15625,0.03125
nl_exact,10,3407,1,1,1.0,1.0,1.0,1.0,1.0,1.0,1.0,1.0,1.0,1.0,1.0,1.0,1.0,1.0,1.0,1.0,1.0
nl_exact,10,3407,2,1,1.0,1.0,1.0,1.0,1.0,1.0,1.0,1.0,1.0,1.0,1.0,1.0,1.0,1.0,1.0,1.0,1.0
nl_exact,10,3407,5,1,1.0,1.0,1.0,1.0,1.0,1.0,1.0,1.0,1.0,1.0,1.0,1.0,1.0,1.0,1.0,1.0,1.0
nl_exact,10,3407,10,1,1.0,1.0,1.0,1.0,1.0,1.0,1.0,1.0,1.0,1.0,1.0,1.0,1.0,1.0,1.0,1.0,1.0
nl_exact,10,3407,12,0,1.0,1.0,1.0,1.0,1.0,1.0,1.0,1.0,1.0,1.0,1.0,1.0,1.0,1.0,1.0,1.0,1.0
nl_exact,10,3407,15,0,1.0,1.0,0.9921875,0.9921875,0.9921875,0.9984375,0.9984375,0.9984375,0.9999828296703297,0.9999828296703297,0.9999828296703297,1.0,1.0,1.0,1.0,1.0,1.0
nl_exact,10,3407,18,0,1.0,1.0,1.0,1.0,1.0,1.0,1.0,1.0,1.0,1.0,1.0,1.0,1.0,1.0,1.0,1.0,1.0
nl_exact,10,3407,20,0,1.0,1.0,0.9921875,0.9921875,0.9921875,0.9984375,0.9984375,0.9984375,0.9999828296703297,0.9999828296703297,0.9999828296703297,1.0,1.0,1.0,1.0,1.0,1.0
nl_exact,10,3407,25,0,1.0,1.0,0.9921875,0.9921875,0.9921875,0.9984375,0.9984375,0.9984375,0.9999828296703297,0.9999828296703297,0.9999828296703297,1.0,1.0,1.0,1.0,1.0,1.0
nl_exact,10,3407,30,0,1.0,1.0,0.966796875,0.962890625,0.962890625,0.9903645833333333,0.9885416666666667,0.9885416666666667,0.9987809065934066,0.998695054945055,0.998695054945055,0.9999975718725719,0.9999975718725719,0.9999975718725719,1.0,1.0,1.0
nl_exact,10,3407,35,0,0.28125,0.0,0.208984375,0.001953125,0.0,0.28932291666666665,0.00390625,0.0,0.35353708791208793,0.0078125,0.0,0.3995337995337995,0.015625,0.0,0.4375,0.03125,0.0
nl_exact,10,3407,40,0,0.0,0.0,0.05078125,0.0,0.0,0.09036458333333333,0.0,0.0,0.14823145604395604,0.0,0.0,0.22575029137529137,0.0,0.0,0.34375,0.0,0.0
nl_exact,10,3407,45,0,0.3125,0.0,0.107421875,0.0,0.0,0.17526041666666667,0.0,0.0,0.2626201923076923,0.0,0.0,0.3564903846153846,0.0,0.0,0.4375,0.0,0.0
nl_exact,10,3407,50,0,0.03125,0.0,0.0390625,0.009765625,0.009765625,0.06848958333333333,0.01875,0.01875,0.11083447802197803,0.03459821428571429,0.03459821428571429,0.1675456487956488,0.059375,0.059375,0.25,0.09375,0.09375
nl_exact,10,3408,1,1,1.0,1.0,1.0,1.0,1.0,1.0,1.0,1.0,1.0,1.0,1.0,1.0,1.0,1.0,1.0,1.0,1.0
nl_exact,10,3408,2,1,1.0,1.0,1.0,1.0,1.0,1.0,1.0,1.0,1.0,1.0,1.0,1.0,1.0,1.0,1.0,1.0,1.0
nl_exact,10,3408,5,1,1.0,1.0,1.0,1.0,1.0,1.0,1.0,1.0,1.0,1.0,1.0,1.0,1.0,1.0,1.0,1.0,1.0
nl_exact,10,3408,10,1,1.0,1.0,1.0,1.0,1.0,1.0,1.0,1.0,1.0,1.0,1.0,1.0,1.0,1.0,1.0,1.0,1.0
nl_exact,10,3408,12,0,1.0,1.0,1.0,1.0,1.0,1.0,1.0,1.0,1.0,1.0,1.0,1.0,1.0,1.0,1.0,1.0,1.0
nl_exact,10,3408,15,0,1.0,1.0,0.990234375,0.98828125,0.98828125,0.9973958333333334,0.9973958333333334,0.9973958333333334,0.9999141483516484,0.9999141483516484,0.9999141483516484,1.0,1.0,1.0,1.0,1.0,1.0
nl_exact,10,3408,18,0,0.96875,0.9375,0.94140625,0.90234375,0.90234375,0.965625,0.9372395833333333,0.9372395833333333,0.9759443681318681,0.9525068681318681,0.9525068681318681,0.984375,0.96875,0.96875,1.0,1.0,1.0
nl_exact,10,3408,20,0,1.0,0.96875,0.986328125,0.9609375,0.9609375,0.9989583333333333,0.9815104166666667,0.9815104166666667,1.0,0.9915006868131868,0.9915006868131868,1.0,0.9987980769230769,0.9987980769230769,1.0,1.0,1.0
nl_exact,10,3408,25,0,0.4375,0.28125,0.482421875,0.314453125,0.314453125,0.5934895833333333,0.43828125,0.43828125,0.6891311813186813,0.5481971153846154,0.5481971153846154,0.7451825951825952,0.6212364024864026,0.6212364024864026,0.78125,0.6875,0.6875
nl_exact,10,3408,30,0,0.25,0.0,0.20703125,0.0,0.0,0.2578125,0.0,0.0,0.3084993131868132,0.0,0.0,0.3587922494172494,0.0,0.0,0.40625,0.0,0.0
nl_exact,10,3408,35,0,0.0625,0.0,0.025390625,0.009765625,0.0078125,0.04947916666666667,0.019270833333333334,0.015364583333333334,0.09397321428571428,0.0375,0.0296875,0.16979166666666667,0.07083333333333333,0.05520833333333333,0.28125,0.125,0.09375
nl_exact,10,3408,40,0,0.0625,0.0,0.009765625,0.0078125,0.005859375,0.019270833333333334,0.015364583333333334,0.01171875,0.0375,0.0296875,0.0234375,0.07083333333333333,0.05520833333333333,0.046875,0.125,0.09375,0.09375
nl_exact,10,3408,45,0,0.0,0.0,0.0,0.0,0.0,0.0,0.0,0.0,0.0,0.0,0.0,0.0,0.0,0.0,0.0,0.0,0.0
nl_exact,10,3408,50,0,0.03125,0.0,0.00390625,0.0,0.0,0.0078125,0.0,0.0,0.015625,0.0,0.0,0.03125,0.0,0.0,0.0625,0.0,0.0
nl_exact,10,3409,1,1,1.0,1.0,1.0,1.0,1.0,1.0,1.0,1.0,1.0,1.0,1.0,1.0,1.0,1.0,1.0,1.0,1.0
nl_exact,10,3409,2,1,1.0,1.0,1.0,1.0,1.0,1.0,1.0,1.0,1.0,1.0,1.0,1.0,1.0,1.0,1.0,1.0,1.0
nl_exact,10,3409,5,1,1.0,1.0,1.0,1.0,1.0,1.0,1.0,1.0,1.0,1.0,1.0,1.0,1.0,1.0,1.0,1.0,1.0
nl_exact,10,3409,10,1,1.0,1.0,1.0,1.0,1.0,1.0,1.0,1.0,1.0,1.0,1.0,1.0,1.0,1.0,1.0,1.0,1.0
nl_exact,10,3409,12,0,1.0,1.0,1.0,1.0,1.0,1.0,1.0,1.0,1.0,1.0,1.0,1.0,1.0,1.0,1.0,1.0,1.0
nl_exact,10,3409,15,0,1.0,1.0,1.0,1.0,1.0,1.0,1.0,1.0,1.0,1.0,1.0,1.0,1.0,1.0,1.0,1.0,1.0
nl_exact,10,3409,18,0,1.0,1.0,1.0,1.0,1.0,1.0,1.0,1.0,1.0,1.0,1.0,1.0,1.0,1.0,1.0,1.0,1.0
nl_exact,10,3409,20,0,0.96875,1.0,0.978515625,1.0,0.978515625,0.9856770833333334,1.0,0.9856770833333334,0.9943337912087912,1.0,0.9943337912087912,0.999599358974359,1.0,0.999599358974359,1.0,1.0,1.0
nl_exact,10,3409,25,0,0.96875,1.0,0.951171875,0.982421875,0.951171875,0.9645833333333333,0.9958333333333333,0.9645833333333333,0.968492445054945,0.999742445054945,0.968492445054945,0.96875,1.0,0.96875,0.96875,1.0,0.96875
nl_exact,10,3409,30,0,0.9375,0.9375,0.85546875,0.857421875,0.853515625,0.9208333333333333,0.9200520833333333,0.9200520833333333,0.9427884615384615,0.9427712912087912,0.9427712912087912,0.9531031468531469,0.9531031468531469,0.9531031468531469,0.96875,0.96875,0.96875
nl_exact,10,3409,35,0,0.40625,0.40625,0.349609375,0.35546875,0.341796875,0.5078125,0.5075520833333333,0.49895833333333334,0.6557520604395605,0.6518028846153846,0.6473385989010989,0.755315170940171,0.7511679292929293,0.7507697163947163,0.8125,0.8125,0.8125
nl_exact,10,3409,40,0,0.125,0.125,0.12890625,0.138671875,0.099609375,0.21927083333333333,0.23359375,0.17317708333333334,0.3314732142857143,0.35267857142857145,0.27237293956043956,0.4386509324009324,0.468407634032634,0.37814685314685315,0.53125,0.5625,0.46875
nl_exact,10,3409,45,0,0.09375,0.09375,0.056640625,0.076171875,0.052734375,0.10260416666666666,0.12994791666666666,0.09479166666666666,0.17594436813186812,0.2070054945054945,0.16031936813186812,0.2902219308469308,0.3070221445221445,0.2589719308469308,0.46875,0.40625,0.40625
nl_exact,10,3409,50,0,0.0625,0.09375,0.076171875,0.10546875,0.0703125,0.1375,0.18619791666666666,0.12708333333333333,0.2288804945054945,0.3004979395604396,0.2119848901098901,0.342606351981352,0.4376869658119658,0.31784673659673657,0.46875,0.59375,0.4375
nl_exact,15,3407,1,1,1.0,1.0,1.0,1.0,1.0,1.0,1.0,1.0,1.0,1.0,1.0,1.0,1.0,1.0,1.0,1.0,1.0
nl_exact,15,3407,2,1,1.0,1.0,1.0,1.0,1.0,1.0,1.0,1.0,1.0,1.0,1.0,1.0,1.0,1.0,1.0,1.0,1.0
nl_exact,15,3407,5,1,1.0,1.0,1.0,1.0,1.0,1.0,1.0,1.0,1.0,1.0,1.0,1.0,1.0,1.0,1.0,1.0,1.0
nl_exact,15,3407,10,1,1.0,1.0,1.0,1.0,1.0,1.0,1.0,1.0,1.0,1.0,1.0,1.0,1.0,1.0,1.0,1.0,1.0
nl_exact,15,3407,12,1,1.0,1.0,1.0,1.0,1.0,1.0,1.0,1.0,1.0,1.0,1.0,1.0,1.0,1.0,1.0,1.0,1.0
nl_exact,15,3407,15,1,1.0,1.0,1.0,1.0,1.0,1.0,1.0,1.0,1.0,1.0,1.0,1.0,1.0,1.0,1.0,1.0,1.0
nl_exact,15,3407,18,0,1.0,1.0,1.0,1.0,1.0,1.0,1.0,1.0,1.0,1.0,1.0,1.0,1.0,1.0,1.0,1.0,1.0
nl_exact,15,3407,20,0,1.0,1.0,1.0,1.0,1.0,1.0,1.0,1.0,1.0,1.0,1.0,1.0,1.0,1.0,1.0,1.0,1.0
nl_exact,15,3407,25,0,1.0,1.0,0.994140625,0.994140625,0.994140625,0.99921875,0.99921875,0.99921875,1.0,1.0,1.0,1.0,1.0,1.0,1.0,1.0,1.0
nl_exact,15,3407,30,0,1.0,1.0,0.951171875,0.96484375,0.951171875,0.9848958333333333,0.9854166666666667,0.9848958333333333,0.9963083791208791,0.9963083791208791,0.9963083791208791,0.9998907342657343,0.9998907342657343,0.9998907342657343,1.0,1.0,1.0
nl_exact,15,3407,35,0,0.875,0.875,0.015625,0.015625,0.015625,0.03046875,0.03046875,0.03046875,0.05803571428571429,0.05803571428571429,0.05803571428571429,0.10625,0.10625,0.10625,0.1875,0.1875,0.1875
nl_exact,15,3407,40,0,0.21875,0.8125,0.001953125,0.001953125,0.001953125,0.00390625,0.00390625,0.00390625,0.0078125,0.0078125,0.0078125,0.015625,0.015625,0.015625,0.03125,0.03125,0.03125
nl_exact,15,3407,45,0,0.0,0.71875,0.0,0.0,0.0,0.0,0.0,0.0,0.0,0.0,0.0,0.0,0.0,0.0,0.0,0.0,0.0
nl_exact,15,3407,50,0,0.0,0.90625,0.0,0.00390625,0.0,0.0,0.0078125,0.0,0.0,0.015625,0.0,0.0,0.03125,0.0,0.0,0.0625,0.0
nl_exact,15,3408,1,1,1.0,1.0,1.0,1.0,1.0,1.0,1.0,1.0,1.0,1.0,1.0,1.0,1.0,1.0,1.0,1.0,1.0
nl_exact,15,3408,2,1,1.0,1.0,1.0,1.0,1.0,1.0,1.0,1.0,1.0,1.0,1.0,1.0,1.0,1.0,1.0,1.0,1.0
nl_exact,15,3408,5,1,1.0,1.0,1.0,1.0,1.0,1.0,1.0,1.0,1.0,1.0,1.0,1.0,1.0,1.0,1.0,1.0,1.0
nl_exact,15,3408,10,1,1.0,1.0,1.0,1.0,1.0,1.0,1.0,1.0,1.0,1.0,1.0,1.0,1.0,1.0,1.0,1.0,1.0
nl_exact,15,3408,12,1,1.0,1.0,1.0,1.0,1.0,1.0,1.0,1.0,1.0,1.0,1.0,1.0,1.0,1.0,1.0,1.0,1.0
nl_exact,15,3408,15,1,1.0,1.0,1.0,1.0,1.0,1.0,1.0,1.0,1.0,1.0,1.0,1.0,1.0,1.0,1.0,1.0,1.0
nl_exact,15,3408,18,0,1.0,1.0,1.0,1.0,1.0,1.0,1.0,1.0,1.0,1.0,1.0,1.0,1.0,1.0,1.0,1.0,1.0
nl_exact,15,3408,20,0,1.0,1.0,0.9921875,0.9921875,0.9921875,0.9984375,0.9984375,0.9984375,0.9999828296703297,0.9999828296703297,0.9999828296703297,1.0,1.0,1.0,1.0,1.0,1.0
nl_exact,15,3408,25,0,1.0,1.0,1.0,1.0,1.0,1.0,1.0,1.0,1.0,1.0,1.0,1.0,1.0,1.0,1.0,1.0,1.0
nl_exact,15,3408,30,0,1.0,1.0,0.9453125,0.9765625,0.9453125,0.9955729166666667,0.9984375,0.9955729166666667,0.9999828296703297,1.0,0.9999828296703297,1.0,1.0,1.0,1.0,1.0,1.0
nl_exact,15,3408,35,0,0.15625,0.0,0.04296875,0.025390625,0.015625,0.08333333333333334,0.04947916666666667,0.03072916666666667,0.15669642857142857,0.09397321428571428,0.059375,0.27708333333333335,0.16979166666666667,0.11041666666666666,0.4375,0.28125,0.1875
nl_exact,15,3408,40,0,0.09375,0.0,0.0234375,0.013671875,0.0078125,0.04583333333333334,0.02734375,0.015625,0.08772321428571428,0.0546875,0.03125,0.16145833333333334,0.109375,0.0625,0.28125,0.21875,0.125
nl_exact,15,3408,45,0,0.15625,0.09375,0.03515625,0.025390625,0.01171875,0.06614583333333333,0.04947916666666667,0.023177083333333334,0.11799450549450549,0.09397321428571428,0.0453125,0.19334935897435898,0.16979166666666667,0.08645833333333333,0.28125,0.28125,0.15625
nl_exact,15,3408,50,0,0.15625,0.0,0.01953125,0.01953125,0.001953125,0.03828125,0.0375,0.00390625,0.07343749999999999,0.06919642857142858,0.0078125,0.134375,0.11875,0.015625,0.21875,0.1875,0.03125
nl_exact,15,3409,1,1,1.0,1.0,1.0,1.0,1.0,1.0,1.0,1.0,1.0,1.0,1.0,1.0,1.0,1.0,1.0,1.0,1.0
nl_exact,15,3409,2,1,1.0,1.0,1.0,1.0,1.0,1.0,1.0,1.0,1.0,1.0,1.0,1.0,1.0,1.0,1.0,1.0,1.0
nl_exact,15,3409,5,1,1.0,1.0,1.0,1.0,1.0,1.0,1.0,1.0,1.0,1.0,1.0,1.0,1.0,1.0,1.0,1.0,1.0
nl_exact,15,3409,10,1,1.0,1.0,1.0,1.0,1.0,1.0,1.0,1.0,1.0,1.0,1.0,1.0,1.0,1.0,1.0,1.0,1.0
nl_exact,15,3409,12,1,1.0,1.0,1.0,1.0,1.0,1.0,1.0,1.0,1.0,1.0,1.0,1.0,1.0,1.0,1.0,1.0,1.0
nl_exact,15,3409,15,1,1.0,1.0,1.0,1.0,1.0,1.0,1.0,1.0,1.0,1.0,1.0,1.0,1.0,1.0,1.0,1.0,1.0
nl_exact,15,3409,18,0,1.0,1.0,1.0,1.0,1.0,1.0,1.0,1.0,1.0,1.0,1.0,1.0,1.0,1.0,1.0,1.0,1.0
nl_exact,15,3409,20,0,1.0,1.0,1.0,1.0,1.0,1.0,1.0,1.0,1.0,1.0,1.0,1.0,1.0,1.0,1.0,1.0,1.0
nl_exact,15,3409,25,0,1.0,1.0,1.0,1.0,1.0,1.0,1.0,1.0,1.0,1.0,1.0,1.0,1.0,1.0,1.0,1.0,1.0
nl_exact,15,3409,30,0,1.0,1.0,0.845703125,0.876953125,0.845703125,0.96875,0.9776041666666666,0.96875,0.9987980769230769,0.9994505494505495,0.9987980769230769,1.0,1.0,1.0,1.0,1.0,1.0
nl_exact,15,3409,35,0,0.09375,0.09375,0.00390625,0.0,0.0,0.007552083333333334,0.0,0.0,0.014062499999999999,0.0,0.0,0.02395833333333333,0.0,0.0,0.03125,0.0,0.0
nl_exact,15,3409,40,0,0.03125,0.0,0.0,0.0,0.0,0.0,0.0,0.0,0.0,0.0,0.0,0.0,0.0,0.0,0.0,0.0,0.0
nl_exact,15,3409,45,0,0.0,0.0,0.009765625,0.0078125,0.0078125,0.019270833333333334,0.015364583333333334,0.015364583333333334,0.0375,0.0296875,0.0296875,0.07083333333333333,0.05520833333333333,0.05520833333333333,0.125,0.09375,0.09375
nl_exact,15,3409,50,0,0.0,0.0,0.005859375,0.001953125,0.001953125,0.011458333333333334,0.00390625,0.00390625,0.021875,0.0078125,0.0078125,0.03958333333333333,0.015625,0.015625,0.0625,0.03125,0.03125
nl_exact,20,3407,1,1,1.0,1.0,1.0,1.0,1.0,1.0,1.0,1.0,1.0,1.0,1.0,1.0,1.0,1.0,1.0,1.0,1.0
nl_exact,20,3407,2,1,1.0,1.0,1.0,1.0,1.0,1.0,1.0,1.0,1.0,1.0,1.0,1.0,1.0,1.0,1.0,1.0,1.0
nl_exact,20,3407,5,1,1.0,1.0,0.9921875,0.9921875,0.9921875,0.9984375,0.9984375,0.9984375,0.9999828296703297,0.9999828296703297,0.9999828296703297,1.0,1.0,1.0,1.0,1.0,1.0
nl_exact,20,3407,10,1,1.0,1.0,1.0,1.0,1.0,1.0,1.0,1.0,1.0,1.0,1.0,1.0,1.0,1.0,1.0,1.0,1.0
nl_exact,20,3407,12,1,1.0,1.0,1.0,1.0,1.0,1.0,1.0,1.0,1.0,1.0,1.0,1.0,1.0,1.0,1.0,1.0,1.0
nl_exact,20,3407,15,1,1.0,1.0,1.0,1.0,1.0,1.0,1.0,1.0,1.0,1.0,1.0,1.0,1.0,1.0,1.0,1.0,1.0
nl_exact,20,3407,18,1,1.0,1.0,1.0,1.0,1.0,1.0,1.0,1.0,1.0,1.0,1.0,1.0,1.0,1.0,1.0,1.0,1.0
nl_exact,20,3407,20,1,1.0,1.0,1.0,1.0,1.0,1.0,1.0,1.0,1.0,1.0,1.0,1.0,1.0,1.0,1.0,1.0,1.0
nl_exact,20,3407,25,0,1.0,1.0,1.0,1.0,1.0,1.0,1.0,1.0,1.0,1.0,1.0,1.0,1.0,1.0,1.0,1.0,1.0
nl_exact,20,3407,30,0,1.0,1.0,1.0,1.0,1.0,1.0,1.0,1.0,1.0,1.0,1.0,1.0,1.0,1.0,1.0,1.0,1.0
nl_exact,20,3407,35,0,0.90625,0.90625,0.017578125,0.0234375,0.017578125,0.03411458333333334,0.04479166666666667,0.03411458333333334,0.06428571428571428,0.08212568681318681,0.06428571428571428,0.11458333333333333,0.1404647435897436,0.11458333333333333,0.1875,0.21875,0.1875
nl_exact,20,3407,40,0,0.8125,0.8125,0.091796875,0.109375,0.091796875,0.17135416666666667,0.20234375,0.17135416666666667,0.2992101648351648,0.34915865384615385,0.2992101648351648,0.4617788461538462,0.5375509906759907,0.4617788461538462,0.59375,0.71875,0.59375
nl_exact,20,3407,45,0,0.71875,0.71875,0.134765625,0.146484375,0.134765625,0.23984375000000002,0.25833333333333336,0.23984375000000002,0.39208447802197804,0.41662087912087914,0.39208447802197804,0.5731279137529137,0.6019230769230769,0.5731279137529137,0.75,0.78125,0.75
nl_exact,20,3407,50,0,0.34375,0.375,0.076171875,0.09375,0.076171875,0.14166666666666666,0.17005208333333333,0.14166666666666666,0.24830013736263737,0.2848901098901099,0.24830013736263737,0.40037150349650347,0.42786276223776226,0.40037150349650347,0.59375,0.59375,0.59375
nl_exact,20,3408,1,1,1.0,1.0,1.0,1.0,1.0,1.0,1.0,1.0,1.0,1.0,1.0,1.0,1.0,1.0,1.0,1.0,1.0
nl_exact,20,3408,2,1,1.0,1.0,1.0,1.0,1.0,1.0,1.0,1.0,1.0,1.0,1.0,1.0,1.0,1.0,1.0,1.0,1.0
nl_exact,20,3408,5,1,1.0,1.0,1.0,1.0,1.0,1.0,1.0,1.0,1.0,1.0,1.0,1.0,1.0,1.0,1.0,1.0,1.0
nl_exact,20,3408,10,1,1.0,1.0,1.0,1.0,1.0,1.0,1.0,1.0,1.0,1.0,1.0,1.0,1.0,1.0,1.0,1.0,1.0
nl_exact,20,3408,12,1,1.0,1.0,1.0,1.0,1.0,1.0,1.0,1.0,1.0,1.0,1.0,1.0,1.0,1.0,1.0,1.0,1.0
nl_exact,20,3408,15,1,1.0,1.0,1.0,1.0,1.0,1.0,1.0,1.0,1.0,1.0,1.0,1.0,1.0,1.0,1.0,1.0,1.0
nl_exact,20,3408,18,1,1.0,1.0,1.0,1.0,1.0,1.0,1.0,1.0,1.0,1.0,1.0,1.0,1.0,1.0,1.0,1.0,1.0
nl_exact,20,3408,20,1,1.0,1.0,1.0,1.0,1.0,1.0,1.0,1.0,1.0,1.0,1.0,1.0,1.0,1.0,1.0,1.0,1.0
nl_exact,20,3408,25,0,1.0,1.0,1.0,1.0,1.0,1.0,1.0,1.0,1.0,1.0,1.0,1.0,1.0,1.0,1.0,1.0,1.0
nl_exact,20,3408,30,0,1.0,1.0,0.568359375,0.568359375,0.568359375,0.8028645833333333,0.8028645833333333,0.8028645833333333,0.950103021978022,0.950103021978022,0.950103021978022,0.9918900543900544,0.9918900543900544,0.9918900543900544,1.0,1.0,1.0
nl_exact,20,3408,35,0,0.84375,0.84375,0.0,0.0,0.0,0.0,0.0,0.0,0.0,0.0,0.0,0.0,0.0,0.0,0.0,0.0,0.0
nl_exact,20,3408,40,0,0.84375,0.84375,0.0,0.0,0.0,0.0,0.0,0.0,0.0,0.0,0.0,0.0,0.0,0.0,0.0,0.0,0.0
nl_exact,20,3408,45,0,0.6875,0.6875,0.0,0.0,0.0,0.0,0.0,0.0,0.0,0.0,0.0,0.0,0.0,0.0,0.0,0.0,0.0
nl_exact,20,3408,50,0,0.71875,0.71875,0.00390625,0.00390625,0.00390625,0.0078125,0.0078125,0.0078125,0.015625,0.015625,0.015625,0.03125,0.03125,0.03125,0.0625,0.0625,0.0625
nl_exact,20,3409,1,1,1.0,1.0,1.0,1.0,1.0,1.0,1.0,1.0,1.0,1.0,1.0,1.0,1.0,1.0,1.0,1.0,1.0
nl_exact,20,3409,2,1,1.0,1.0,1.0,1.0,1.0,1.0,1.0,1.0,1.0,1.0,1.0,1.0,1.0,1.0,1.0,1.0,1.0
nl_exact,20,3409,5,1,1.0,1.0,1.0,1.0,1.0,1.0,1.0,1.0,1.0,1.0,1.0,1.0,1.0,1.0,1.0,1.0,1.0
nl_exact,20,3409,10,1,1.0,1.0,1.0,1.0,1.0,1.0,1.0,1.0,1.0,1.0,1.0,1.0,1.0,1.0,1.0,1.0,1.0
nl_exact,20,3409,12,1,1.0,1.0,1.0,1.0,1.0,1.0,1.0,1.0,1.0,1.0,1.0,1.0,1.0,1.0,1.0,1.0,1.0
nl_exact,20,3409,15,1,1.0,1.0,1.0,1.0,1.0,1.0,1.0,1.0,1.0,1.0,1.0,1.0,1.0,1.0,1.0,1.0,1.0
nl_exact,20,3409,18,1,1.0,1.0,1.0,1.0,1.0,1.0,1.0,1.0,1.0,1.0,1.0,1.0,1.0,1.0,1.0,1.0,1.0
nl_exact,20,3409,20,1,1.0,1.0,1.0,1.0,1.0,1.0,1.0,1.0,1.0,1.0,1.0,1.0,1.0,1.0,1.0,1.0,1.0
nl_exact,20,3409,25,0,1.0,1.0,1.0,1.0,1.0,1.0,1.0,1.0,1.0,1.0,1.0,1.0,1.0,1.0,1.0,1.0,1.0
nl_exact,20,3409,30,0,0.96875,0.96875,0.72265625,0.81640625,0.72265625,0.8971354166666666,0.9346354166666666,0.8971354166666666,0.962448489010989,0.9668956043956044,0.962448489010989,0.9687451437451438,0.96875,0.9687451437451438,0.96875,0.96875,0.96875
nl_exact,20,3409,35,0,0.3125,0.5,0.0,0.0,0.0,0.0,0.0,0.0,0.0,0.0,0.0,0.0,0.0,0.0,0.0,0.0,0.0
nl_exact,20,3409,40,0,0.15625,0.46875,0.0,0.0,0.0,0.0,0.0,0.0,0.0,0.0,0.0,0.0,0.0,0.0,0.0,0.0,0.0
nl_exact,20,3409,45,0,0.0,0.59375,0.0,0.0,0.0,0.0,0.0,0.0,0.0,0.0,0.0,0.0,0.0,0.0,0.0,0.0,0.0
nl_exact,20,3409,50,0,0.0,0.5625,0.0,0.0,0.0,0.0,0.0,0.0,0.0,0.0,0.0,0.0,0.0,0.0,0.0,0.0,0.0
nl_exact,25,3407,1,1,1.0,1.0,1.0,1.0,1.0,1.0,1.0,1.0,1.0,1.0,1.0,1.0,1.0,1.0,1.0,1.0,1.0
nl_exact,25,3407,2,1,1.0,1.0,1.0,1.0,1.0,1.0,1.0,1.0,1.0,1.0,1.0,1.0,1.0,1.0,1.0,1.0,1.0
nl_exact,25,3407,5,1,1.0,1.0,1.0,1.0,1.0,1.0,1.0,1.0,1.0,1.0,1.0,1.0,1.0,1.0,1.0,1.0,1.0
nl_exact,25,3407,10,1,1.0,1.0,1.0,1.0,1.0,1.0,1.0,1.0,1.0,1.0,1.0,1.0,1.0,1.0,1.0,1.0,1.0
nl_exact,25,3407,12,1,1.0,1.0,1.0,1.0,1.0,1.0,1.0,1.0,1.0,1.0,1.0,1.0,1.0,1.0,1.0,1.0,1.0
nl_exact,25,3407,15,1,1.0,1.0,1.0,1.0,1.0,1.0,1.0,1.0,1.0,1.0,1.0,1.0,1.0,1.0,1.0,1.0,1.0
nl_exact,25,3407,18,1,1.0,1.0,1.0,1.0,1.0,1.0,1.0,1.0,1.0,1.0,1.0,1.0,1.0,1.0,1.0,1.0,1.0
nl_exact,25,3407,20,1,1.0,1.0,1.0,1.0,1.0,1.0,1.0,1.0,1.0,1.0,1.0,1.0,1.0,1.0,1.0,1.0,1.0
nl_exact,25,3407,25,1,1.0,1.0,1.0,1.0,1.0,1.0,1.0,1.0,1.0,1.0,1.0,1.0,1.0,1.0,1.0,1.0,1.0
nl_exact,25,3407,30,0,1.0,1.0,0.9375,0.9375,0.9375,0.9924479166666667,0.9924479166666667,0.9924479166666667,0.999948489010989,0.999948489010989,0.999948489010989,1.0,1.0,1.0,1.0,1.0,1.0
nl_exact,25,3407,35,0,0.78125,0.75,0.033203125,0.021484375,0.021484375,0.06536458333333334,0.04244791666666667,0.04244791666666667,0.1265625,0.0828125,0.0828125,0.23645833333333333,0.15729166666666666,0.15729166666666666,0.40625,0.28125,0.28125
nl_exact,25,3407,40,0,0.84375,0.84375,0.025390625,0.0234375,0.0234375,0.05026041666666667,0.04635416666666667,0.04635416666666667,0.0984375,0.090625,0.090625,0.18854166666666666,0.17291666666666666,0.17291666666666666,0.34375,0.3125,0.3125
nl_exact,25,3407,45,0,0.71875,0.59375,0.01953125,0.01953125,0.01953125,0.038802083333333334,0.038802083333333334,0.038802083333333334,0.0765625,0.0765625,0.0765625,0.14895833333333333,0.14895833333333333,0.14895833333333333,0.28125,0.28125,0.28125
nl_exact,25,3407,50,0,0.5625,0.5,0.01953125,0.01953125,0.01953125,0.03854166666666667,0.03854166666666667,0.03854166666666667,0.075,0.075,0.075,0.14166666666666666,0.14166666666666666,0.14166666666666666,0.25,0.25,0.25
nl_exact,25,3408,1,1,1.0,1.0,1.0,1.0,1.0,1.0,1.0,1.0,1.0,1.0,1.0,1.0,1.0,1.0,1.0,1.0,1.0
nl_exact,25,3408,2,1,1.0,1.0,1.0,1.0,1.0,1.0,1.0,1.0,1.0,1.0,1.0,1.0,1.0,1.0,1.0,1.0,1.0
nl_exact,25,3408,5,1,1.0,1.0,1.0,1.0,1.0,1.0,1.0,1.0,1.0,1.0,1.0,1.0,1.0,1.0,1.0,1.0,1.0
nl_exact,25,3408,10,1,1.0,1.0,1.0,1.0,1.0,1.0,1.0,1.0,1.0,1.0,1.0,1.0,1.0,1.0,1.0,1.0,1.0
nl_exact,25,3408,12,1,1.0,1.0,1.0,1.0,1.0,1.0,1.0,1.0,1.0,1.0,1.0,1.0,1.0,1.0,1.0,1.0,1.0
nl_exact,25,3408,15,1,1.0,1.0,1.0,1.0,1.0,1.0,1.0,1.0,1.0,1.0,1.0,1.0,1.0,1.0,1.0,1.0,1.0
nl_exact,25,3408,18,1,1.0,1.0,1.0,1.0,1.0,1.0,1.0,1.0,1.0,1.0,1.0,1.0,1.0,1.0,1.0,1.0,1.0
nl_exact,25,3408,20,1,1.0,1.0,1.0,1.0,1.0,1.0,1.0,1.0,1.0,1.0,1.0,1.0,1.0,1.0,1.0,1.0,1.0
nl_exact,25,3408,25,1,1.0,1.0,1.0,1.0,1.0,1.0,1.0,1.0,1.0,1.0,1.0,1.0,1.0,1.0,1.0,1.0,1.0
nl_exact,25,3408,30,0,1.0,1.0,0.4921875,0.513671875,0.4921875,0.7385416666666667,0.759375,0.7385416666666667,0.9306662087912088,0.9416723901098901,0.9306662087912088,0.9965957653457653,0.9980890637140637,0.9965957653457653,1.0,1.0,1.0
nl_exact,25,3408,35,0,0.21875,1.0,0.013671875,0.029296875,0.013671875,0.02578125,0.05546875,0.02578125,0.045758928571428575,0.09975961538461539,0.045758928571428575,0.071875,0.16442307692307692,0.071875,0.09375,0.25,0.09375
nl_exact,25,3408,40,0,0.03125,0.84375,0.013671875,0.03125,0.013671875,0.0265625,0.059375000000000004,0.0265625,0.05022321428571429,0.10839629120879121,0.05022321428571429,0.090625,0.18814102564102564,0.090625,0.15625,0.3125,0.15625
nl_exact,25,3408,45,0,0.0,0.75,0.013671875,0.052734375,0.013671875,0.027083333333333334,0.09947916666666667,0.027083333333333334,0.053125,0.17942994505494506,0.053125,0.10208333333333333,0.3040574009324009,0.10208333333333333,0.1875,0.46875,0.1875
nl_exact,25,3408,50,0,0.0625,0.84375,0.02734375,0.072265625,0.02734375,0.05260416666666667,0.13463541666666667,0.05260416666666667,0.09775068681318681,0.23822115384615383,0.09775068681318681,0.1717147435897436,0.3935678904428904,0.1717147435897436,0.28125,0.59375,0.28125
nl_exact,25,3409,1,1,1.0,1.0,1.0,1.0,1.0,1.0,1.0,1.0,1.0,1.0,1.0,1.0,1.0,1.0,1.0,1.0,1.0
nl_exact,25,3409,2,1,1.0,1.0,1.0,1.0,1.0,1.0,1.0,1.0,1.0,1.0,1.0,1.0,1.0,1.0,1.0,1.0,1.0
nl_exact,25,3409,5,1,1.0,1.0,1.0,1.0,1.0,1.0,1.0,1.0,1.0,1.0,1.0,1.0,1.0,1.0,1.0,1.0,1.0
nl_exact,25,3409,10,1,1.0,1.0,1.0,1.0,1.0,1.0,1.0,1.0,1.0,1.0,1.0,1.0,1.0,1.0,1.0,1.0,1.0
nl_exact,25,3409,12,1,1.0,1.0,1.0,1.0,1.0,1.0,1.0,1.0,1.0,1.0,1.0,1.0,1.0,1.0,1.0,1.0,1.0
nl_exact,25,3409,15,1,1.0,1.0,1.0,1.0,1.0,1.0,1.0,1.0,1.0,1.0,1.0,1.0,1.0,1.0,1.0,1.0,1.0
nl_exact,25,3409,18,1,1.0,1.0,1.0,1.0,1.0,1.0,1.0,1.0,1.0,1.0,1.0,1.0,1.0,1.0,1.0,1.0,1.0
nl_exact,25,3409,20,1,1.0,1.0,1.0,1.0,1.0,1.0,1.0,1.0,1.0,1.0,1.0,1.0,1.0,1.0,1.0,1.0,1.0
nl_exact,25,3409,25,1,1.0,1.0,1.0,1.0,1.0,1.0,1.0,1.0,1.0,1.0,1.0,1.0,1.0,1.0,1.0,1.0,1.0
nl_exact,25,3409,30,0,1.0,1.0,0.931640625,1.0,0.931640625,0.990625,1.0,0.990625,0.9998626373626374,1.0,0.9998626373626374,1.0,1.0,1.0,1.0,1.0,1.0
nl_exact,25,3409,35,0,0.90625,0.9375,0.1015625,0.12890625,0.083984375,0.19322916666666667,0.24114583333333334,0.1609375,0.35078983516483514,0.4238839285714286,0.29656593406593407,0.5848557692307692,0.6685096153846154,0.5100160256410257,0.84375,0.90625,0.78125
nl_exact,25,3409,40,0,0.15625,0.96875,0.0234375,0.0390625,0.01953125,0.04557291666666667,0.07708333333333334,0.03854166666666667,0.08616071428571428,0.15,0.075,0.15416666666666667,0.2833333333333333,0.14166666666666666,0.25,0.5,0.25
nl_exact,25,3409,45,0,0.0,0.5625,0.013671875,0.048828125,0.0078125,0.02682291666666667,0.09114583333333333,0.015364583333333334,0.0515625,0.16368475274725275,0.0296875,0.09479166666666666,0.28643648018648016,0.05520833333333333,0.15625,0.5,0.09375
nl_exact,25,3409,50,0,0.03125,0.71875,0.009765625,0.025390625,0.00390625,0.019270833333333334,0.05,0.0078125,0.0375,0.09687499999999999,0.015625,0.07083333333333333,0.18125,0.03125,0.125,0.3125,0.0625
