template,train_max,depth,n,greedy_correct_mean,greedy_correct_std,greedy_valid_mean,greedy_valid_std,correct1_mean,correct1_std,valid1_mean,valid1_std,joint1_mean,joint1_std,correct2_mean,correct2_std,valid2_mean,valid2_std,joint2_mean,joint2_std,correct4_mean,correct4_std,valid4_mean,valid4_std,joint4_mean,joint4_std,correct8_mean,correct8_std,valid8_mean,valid8_std,joint8_mean,joint8_std,correct16_mean,correct16_std,valid16_mean,valid16_std,joint16_mean,joint16_std
logic,5,1,3,1.0,0.0,1.0,0.0,1.0,0.0,1.0,0.0,1.0,0.0,1.0,0.0,1.0,0.0,1.0,0.0,1.0,0.0,1.0,0.0,1.0,0.0,1.0,0.0,1.0,0.0,1.0,0.0,1.0,0.0,1.0,0.0,1.0,0.0
logic,5,2,3,1.0,0.0,1.0,0.0,1.0,0.0,1.0,0.0,1.0,0.0,1.0,0.0,1.0,0.0,1.0,0.0,1.0,0.0,1.0,0.0,1.0,0.0,1.0,0.0,1.0,0.0,1.0,0.0,1.0,0.0,1.0,0.0,1.0,0.0
logic,5,5,3,1.0,0.0,1.0,0.0,1.0,0.0,1.0,0.0,1.0,0.0,1.0,0.0,1.0,0.0,1.0,0.0,1.0,0.0,1.0,0.0,1.0,0.0,1.0,0.0,1.0,0.0,1.0,0.0,1.0,0.0,1.0,0.0,1.0,0.0
logic,5,10,3,0.2916666666666667,0.06421264586426018,0.16666666666666666,0.05311478659992484,0.2604166666666667,0.05342509958054334,0.13346354166666666,0.01120094435812842,0.12434895833333333,0.020812978337429403,0.44296874999999997,0.08568381115935302,0.24053819444444446,0.01916536139375919,0.2259548611111111,0.035125264980767554,0.6648580586080586,0.11034647818410112,0.4023179945054945,0.027728996182469823,0.38194826007326005,0.051523152435500756,0.8474180911680912,0.0946108220641199,0.6090666278166278,0.031147330595267864,0.5848023504273504,0.06055069307682841,0.9375,0.04419417382415922,0.8125,0.04419417382415922,0.7916666666666666,0.06421264586426018
logic,5,12,3,0.34375,0.2041241452319315,0.1875,0.1767766952966369,0.3138020833333333,0.12506440940397862,0.16666666666666666,0.11515526651359013,0.16015625,0.1121758205387492,0.5021701388888888,0.16284328908718657,0.2839409722222222,0.19199807330134191,0.27465277777777775,0.18785380071660204,0.7026098901098902,0.15256351531742854,0.43123855311355314,0.27993686013971014,0.4214514652014652,0.2757626969453921,0.8566983941983942,0.0953369484936347,0.5722983035483036,0.3466243384893069,0.5660402097902099,0.34398360347450796,0.9479166666666666,0.03897559777889522,0.6770833333333334,0.3718035061994739,0.6770833333333334,0.3718035061994739
logic,5,15,3,0.21875,0.28754528628838044,0.17708333333333334,0.25043365167023557,0.18880208333333334,0.16335049286058226,0.06640625,0.088445873425738,0.061197916666666664,0.0851695883412137,0.3032986111111111,0.23411949164199303,0.11467013888888888,0.15143362894898527,0.10555555555555556,0.14652464081357727,0.44106570512820514,0.27673560204535236,0.17941277472527473,0.23305110828764114,0.16526442307692307,0.2282172047929038,0.5877638565138565,0.2611145092490999,0.2502614283864284,0.31569052209084825,0.23216216653716656,0.317342458323563,0.7395833333333334,0.19150808657135662,0.3125,0.3775951866748304,0.2916666666666667,0.3905902762344307
logic,5,18,3,0.10416666666666667,0.07795119555779044,0.03125,0.02551551815399144,0.09635416666666667,0.0796934570213508,0.021484375,0.027667355938640337,0.016927083333333332,0.023938510821419578,0.17109375,0.1371182160215431,0.04114583333333333,0.052761213592204474,0.032552083333333336,0.04603559773349919,0.2792296245421245,0.21061325817522658,0.07573260073260073,0.09626510411992462,0.06033653846153846,0.08532875099895357,0.4110212703962704,0.276425987762936,0.13044871794871796,0.16288564339376302,0.10480769230769231,0.14822045990256477,0.5520833333333334,0.30760048042152915,0.20833333333333334,0.2517301244498869,0.16666666666666666,0.23570226039551584
logic,5,20,3,0.052083333333333336,0.03897559777889522,0.0,0.0,0.044270833333333336,0.026413362988412493,0.0026041666666666665,0.003682847818679935,0.0006510416666666666,0.0009207119546699837,0.08559027777777778,0.05047532195008276,0.005208333333333333,0.00736569563735987,0.0013020833333333333,0.0018414239093399675,0.16025641025641024,0.09216111746598979,0.010416666666666666,0.01473139127471974,0.0026041666666666665,0.003682847818679935,0.2832264957264957,0.15375376072536923,0.020833333333333332,0.02946278254943948,0.005208333333333333,0.00736569563735987,0.4583333333333333,0.2170069443333298,0.041666666666666664,0.05892556509887896,0.010416666666666666,0.01473139127471974
logic,5,25,3,0.052083333333333336,0.05311478659992484,0.0,0.0,0.045572916666666664,0.02056714713402515,0.005208333333333333,0.006037512041338349,0.0006510416666666666,0.0009207119546699837,0.08793402777777777,0.03852660960888262,0.01015625,0.011710066227040164,0.0013020833333333333,0.0018414239093399675,0.1643257783882784,0.06793386246621874,0.019345238095238096,0.02206574795585851,0.0026041666666666665,0.003682847818679935,0.29113247863247865,0.10748798434488645,0.035416666666666666,0.039555911554265674,0.005208333333333333,0.00736569563735987,0.4791666666666667,0.1405285162836671,0.0625,0.06750771560841522,0.010416666666666666,0.01473139127471974
logic,5,30,3,0.03125,0.0,0.0,0.0,0.038411458333333336,0.01948779888944761,0.005208333333333333,0.00736569563735987,0.0006510416666666666,0.0009207119546699837,0.07317708333333334,0.0361938571864399,0.010243055555555556,0.014485868086807746,0.0013020833333333333,0.0018414239093399675,0.133367673992674,0.06277198299253198,0.019791666666666666,0.027989643421967504,0.0026041666666666665,0.003682847818679935,0.2254540598290598,0.09682353004227873,0.03680555555555556,0.05205091583734308,0.005208333333333333,0.00736569563735987,0.34375,0.1275775907699572,0.0625,0.08838834764831845,0.010416666666666666,0.01473139127471974
logic,5,35,3,0.020833333333333332,0.01473139127471974,0.0,0.0,0.029296875,0.019596246019911993,0.005208333333333333,0.00736569563735987,0.0006510416666666666,0.0009207119546699837,0.05668402777777778,0.037419336792770694,0.010416666666666666,0.01473139127471974,0.0013020833333333333,0.0018414239093399675,0.10616987179487179,0.06836567856843533,0.020833333333333332,0.02946278254943948,0.0026041666666666665,0.003682847818679935,0.18675213675213675,0.1153343450063718,0.041666666666666664,0.05892556509887896,0.005208333333333333,0.00736569563735987,0.2916666666666667,0.17368054167221944,0.08333333333333333,0.11785113019775792,0.010416666666666666,0.01473139127471974
logic,5,40,3,0.020833333333333332,0.02946278254943948,0.0,0.0,0.021484375,0.01680141653719263,0.0026041666666666665,0.0024359748611809512,0.0,0.0,0.04192708333333334,0.032665427671018724,0.005121527777777778,0.004756120670764835,0.0,0.0,0.07983630952380952,0.06169128498877098,0.009895833333333333,0.009051118331761858,0.0,0.0,0.14479166666666668,0.1097562798760154,0.01840277777777778,0.01627876134684867,0.0,0.0,0.23958333333333334,0.17368054167221944,0.03125,0.02551551815399144,0.0,0.0
logic,5,45,3,0.03125,0.04419417382415922,0.010416666666666666,0.01473139127471974,0.021484375,0.013810679320049757,0.001953125,0.0027621358640099515,0.0,0.0,0.04201388888888889,0.02695141259768776,0.00390625,0.005524271728019903,0.0,0.0,0.08050022893772893,0.05147594453004726,0.0078125,0.011048543456039806,0.0,0.0,0.14890491452991453,0.09480123535933292,0.015625,0.02209708691207961,0.0,0.0,0.2604166666666667,0.1640418307085794,0.03125,0.04419417382415922,0.0,0.0
logic,5,50,3,0.020833333333333332,0.01473139127471974,0.0,0.0,0.017578125,0.014615849167085708,0.0026041666666666665,0.003682847818679935,0.0,0.0,0.034895833333333334,0.029022928306372736,0.005208333333333333,0.00736569563735987,0.0,0.0,0.06875,0.05721111761857714,0.010416666666666666,0.01473139127471974,0.0,0.0,0.13333333333333333,0.11108615171051633,0.020833333333333332,0.02946278254943948,0.0,0.0,0.25,0.20885351724753565,0.041666666666666664,0.05892556509887896,0.0,0.0
logic,10,1,3,1.0,0.0,1.0,0.0,1.0,0.0,1.0,0.0,1.0,0.0,1.0,0.0,1.0,0.0,1.0,0.0,1.0,0.0,1.0,0.0,1.0,0.0,1.0,0.0,1.0,0.0,1.0,0.0,1.0,0.0,1.0,0.0,1.0,0.0
logic,10,2,3,1.0,0.0,1.0,0.0,1.0,0.0,1.0,0.0,1.0,0.0,1.0,0.0,1.0,0.0,1.0,0.0,1.0,0.0,1.0,0.0,1.0,0.0,1.0,0.0,1.0,0.0,1.0,0.0,1.0,0.0,1.0,0.0,1.0,0.0
logic,10,5,3,1.0,0.0,1.0,0.0,1.0,0.0,1.0,0.0,1.0,0.0,1.0,0.0,1.0,0.0,1.0,0.0,1.0,0.0,1.0,0.0,1.0,0.0,1.0,0.0,1.0,0.0,1.0,0.0,1.0,0.0,1.0,0.0,1.0,0.0
logic,10,10,3,1.0,0.0,1.0,0.0,0.9973958333333334,0.0024359748611809512,0.998046875,0.0027621358640099515,0.9973958333333334,0.0024359748611809512,0.9997395833333333,0.0003682847818679726,0.9997395833333333,0.0003682847818679726,0.9997395833333333,0.0003682847818679726,1.0,0.0,1.0,0.0,1.0,0.0,1.0,0.0,1.0,0.0,1.0,0.0,1.0,0.0,1.0,0.0,1.0,0.0
logic,10,12,3,0.96875,0.02551551815399144,0.9479166666666666,0.03897559777889522,0.9674479166666666,0.03913838115934671,0.9518229166666666,0.050689353280785755,0.9485677083333334,0.05378092819808173,0.9949652777777778,0.0069368448000024716,0.990625,0.010927161118778336,0.9901909722222222,0.011537630703953129,0.999702380952381,0.00042089689356341963,0.999444826007326,0.0007609812281684384,0.9994391025641026,0.0007690740399377766,1.0,0.0,1.0,0.0,1.0,0.0,1.0,0.0,1.0,0.0,1.0,0.0
logic,10,15,3,0.9375,0.04419417382415922,0.8333333333333334,0.05311478659992484,0.896484375,0.050125980611771245,0.8294270833333334,0.03516830426059767,0.8170572916666666,0.04488883899983906,0.9746527777777778,0.017495573045658925,0.9344618055555556,0.023099739602742413,0.928125,0.030303221422613855,0.9947516025641026,0.005316083681831914,0.9697458791208791,0.016966649076822056,0.9672218406593407,0.019749924931911616,0.9995613183113183,0.0006169588883775513,0.9785515410515411,0.014893965320107724,0.9781800375550376,0.01518039043820882,1.0,0.0,0.9791666666666666,0.01473139127471974,0.9791666666666666,0.01473139127471974
logic,10,18,3,0.7395833333333334,0.17921510973005472,0.6875,0.142064392676936,0.6100260416666666,0.030854155237168713,0.5208333333333334,0.042262584289368445,0.5006510416666666,0.04403082921591384,0.8077256944444444,0.013450099964060104,0.73984375,0.035540912579925234,0.7158854166666666,0.0383039780414032,0.9285428113553114,0.004950007483014656,0.9004578754578755,0.016751216948631527,0.8810153388278388,0.02006155108105379,0.9812742812742813,0.008627809762989203,0.9743274087024087,0.0015955451783864658,0.9664724164724164,0.0037384715549994276,1.0,0.0,1.0,0.0,1.0,0.0
logic,10,20,3,0.3333333333333333,0.03897559777889522,0.125,0.15520483776824312,0.3001302083333333,0.04533980558979205,0.115234375,0.09769530469062344,0.10286458333333333,0.08606071501467324,0.4912326388888889,0.06476101696309391,0.20217013888888888,0.16141301073856074,0.18168402777777778,0.14327655991994043,0.7077552655677656,0.06968133911262099,0.3231570512820513,0.2293892658231427,0.2932749542124542,0.2056568643020949,0.8822333916083916,0.04882265097983683,0.46236483423983427,0.26540049419509093,0.42514892514892516,0.24028199456889496,0.9791666666666666,0.01473139127471974,0.6145833333333334,0.2568505834570407,0.5729166666666666,0.23707930576543837
logic,10,25,3,0.15625,0.05103103630798288,0.0,0.0,0.126953125,0.05063078670631141,0.005859375,0.005749844314015525,0.0026041666666666665,0.003682847818679935,0.23272569444444444,0.08448968043791824,0.01154513888888889,0.01126400341598168,0.005121527777777778,0.007242934043403873,0.39629693223443224,0.11852224188928309,0.022395833333333334,0.021587897683398652,0.009895833333333333,0.013994821710983752,0.6030910062160062,0.12134910960218026,0.042013888888888885,0.03943992051522053,0.01840277777777778,0.02602545791867154,0.8020833333333334,0.06421264586426018,0.07291666666666667,0.06421264586426018,0.03125,0.04419417382415922
logic,10,30,3,0.07291666666666667,0.02946278254943948,0.0,0.0,0.0546875,0.013053344827970978,0.005859375,0.005749844314015525,0.0,0.0,0.10529513888888888,0.02473303397714292,0.011631944444444445,0.011381794029919281,0.0,0.0,0.1957360347985348,0.04443208099485547,0.022916666666666665,0.02229264016565906,0.0,0.0,0.3424946581196581,0.07196691546484804,0.044444444444444446,0.04270692183756055,0.0,0.0,0.5520833333333334,0.09660019266141358,0.08333333333333333,0.07795119555779044,0.0,0.0
logic,10,35,3,0.03125,0.02551551815399144,0.0,0.0,0.044921875,0.012657696676577852,0.005208333333333333,0.004013290366516261,0.0,0.0,0.08645833333333333,0.024029935275648413,0.010416666666666666,0.008026580733032522,0.0,0.0,0.160330815018315,0.04303459052999291,0.020833333333333332,0.016053161466065044,0.0,0.0,0.27732371794871796,0.06735206616243405,0.041666666666666664,0.03210632293213009,0.0,0.0,0.4270833333333333,0.07795119555779044,0.08333333333333333,0.06421264586426018,0.0,0.0
logic,10,40,3,0.052083333333333336,0.03897559777889522,0.0,0.0,0.033854166666666664,0.00560047217906421,0.005208333333333333,0.0033196741624953027,0.0,0.0,0.06640625,0.011026014193924731,0.01032986111111111,0.006674438467618432,0.0,0.0,0.12767857142857142,0.021536033865985422,0.0203125,0.013501543121683042,0.0,0.0,0.23541666666666666,0.042602341376275804,0.03923611111111111,0.02770824631008334,0.0,0.0,0.3958333333333333,0.09660019266141358,0.07291666666666667,0.05892556509887896,0.0,0.0
logic,10,45,3,0.020833333333333332,0.01473139127471974,0.010416666666666666,0.01473139127471974,0.030598958333333332,0.0048719497223619025,0.00390625,0.00318943976924893,0.0,0.0,0.05998263888888889,0.009166107674454376,0.0078125,0.00637887953849786,0.0,0.0,0.11539606227106226,0.01643279391926716,0.015625,0.01275775907699572,0.0,0.0,0.21452991452991452,0.028038409918963687,0.03125,0.02551551815399144,0.0,0.0,0.375,0.05103103630798288,0.0625,0.05103103630798288,0.0,0.0
logic,10,50,3,0.0,0.0,0.010416666666666666,0.01473139127471974,0.018880208333333332,0.0048719497223619025,0.005859375,0.005749844314015525,0.0006510416666666666,0.0009207119546699837,0.03723958333333333,0.009260977126521963,0.011631944444444445,0.011381794029919281,0.0013020833333333333,0.0018414239093399675,0.07247023809523809,0.016745865715625443,0.022916666666666665,0.02229264016565906,0.0026041666666666665,0.003682847818679935,0.1375,0.02772999362236307,0.044444444444444446,0.04270692183756055,0.005208333333333333,0.00736569563735987,0.25,0.04419417382415922,0.08333333333333333,0.07795119555779044,0.010416666666666666,0.01473139127471974
logic,15,1,3,1.0,0.0,1.0,0.0,1.0,0.0,1.0,0.0,1.0,0.0,1.0,0.0,1.0,0.0,1.0,0.0,1.0,0.0,1.0,0.0,1.0,0.0,1.0,0.0,1.0,0.0,1.0,0.0,1.0,0.0,1.0,0.0,1.0,0.0
logic,15,2,3,1.0,0.0,1.0,0.0,1.0,0.0,1.0,0.0,1.0,0.0,1.0,0.0,1.0,0.0,1.0,0.0,1.0,0.0,1.0,0.0,1.0,0.0,1.0,0.0,1.0,0.0,1.0,0.0,1.0,0.0,1.0,0.0,1.0,0.0
logic,15,5,3,1.0,0.0,1.0,0.0,1.0,0.0,1.0,0.0,1.0,0.0,1.0,0.0,1.0,0.0,1.0,0.0,1.0,0.0,1.0,0.0,1.0,0.0,1.0,0.0,1.0,0.0,1.0,0.0,1.0,0.0,1.0,0.0,1.0,0.0
logic,15,10,3,1.0,0.0,1.0,0.0,1.0,0.0,1.0,0.0,1.0,0.0,1.0,0.0,1.0,0.0,1.0,0.0,1.0,0.0,1.0,0.0,1.0,0.0,1.0,0.0,1.0,0.0,1.0,0.0,1.0,0.0,1.0,0.0,1.0,0.0
logic,15,12,3,1.0,0.0,1.0,0.0,1.0,0.0,1.0,0.0,1.0,0.0,1.0,0.0,1.0,0.0,1.0,0.0,1.0,0.0,1.0,0.0,1.0,0.0,1.0,0.0,1.0,0.0,1.0,0.0,1.0,0.0,1.0,0.0,1.0,0.0
logic,15,15,3,1.0,0.0,1.0,0.0,0.9986979166666666,0.0009207119546699837,0.9986979166666666,0.0009207119546699837,0.9986979166666666,0.0009207119546699837,1.0,0.0,1.0,0.0,1.0,0.0,1.0,0.0,1.0,0.0,1.0,0.0,1.0,0.0,1.0,0.0,1.0,0.0,1.0,0.0,1.0,0.0,1.0,0.0
logic,15,18,3,0.9895833333333334,0.01473139127471974,1.0,0.0,0.9720052083333334,0.019682573512800748,0.966796875,0.02209708691207961,0.9622395833333334,0.019682573512800748,0.99296875,0.006264450886343314,0.9942708333333333,0.007368764038091739,0.9924479166666667,0.006403638243579165,0.9988782051282051,0.001187142018431794,0.9990785256410256,0.0013031615358405748,0.9988782051282051,0.001187142018431794,0.9999927156177156,1.0301672220062287e-05,0.9999927156177156,1.0301672220062287e-05,0.9999927156177156,1.0301672220062287e-05,1.0,0.0,1.0,0.0,1.0,0.0
logic,15,20,3,0.4375,0.13258252147247765,0.0,0.0,0.4713541666666667,0.07958168866919683,0.04296875,0.024910320924100247,0.042317708333333336,0.02533213080513505,0.7067708333333333,0.08545661963650958,0.08194444444444444,0.04605490817422969,0.08064236111111112,0.046877089716794045,0.9007955586080586,0.05065198231380511,0.15091002747252746,0.08052689478996597,0.1483058608058608,0.08208363971432506,0.9859144327894328,0.008187037193006896,0.2648698523698524,0.1304371822515069,0.259661519036519,0.13320600442467928,1.0,0.0,0.4375,0.1839950180484968,0.4270833333333333,0.18807781338820612
logic,15,25,3,0.3541666666666667,0.15590239111558088,0.020833333333333332,0.01473139127471974,0.2571614583333333,0.11400109529619722,0.027994791666666668,0.02726613488459886,0.013671875,0.01149968862803105,0.43255208333333334,0.16129205707816066,0.05381944444444445,0.05322461951477234,0.02621527777777778,0.022966263145375965,0.6494734432234432,0.17233960754785885,0.09989697802197803,0.10116982728019983,0.04863209706959706,0.045740474172971744,0.8492391867391867,0.11946148369517716,0.17486645299145298,0.18129061845707062,0.08632478632478632,0.08943557713436119,0.96875,0.04419417382415922,0.28125,0.28754528628838044,0.14583333333333334,0.16204530402191714
logic,15,30,3,0.1875,0.06750771560841522,0.03125,0.02551551815399144,0.18880208333333334,0.03939743560001893,0.015625,0.012039871099548781,0.004557291666666667,0.003682847818679935,0.33784722222222224,0.06348519424336105,0.03090277777777778,0.023883046463378865,0.009114583333333334,0.00736569563735987,0.5496623168498168,0.08212443374091292,0.06041666666666667,0.046984825047266296,0.018229166666666668,0.01473139127471974,0.7746309246309246,0.06890938431513706,0.11527777777777777,0.09089134445541874,0.036458333333333336,0.02946278254943948,0.9375,0.04419417382415922,0.20833333333333334,0.16989069198229262,0.07291666666666667,0.05892556509887896
logic,15,35,3,0.10416666666666667,0.06421264586426018,0.010416666666666666,0.01473139127471974,0.103515625,0.036119613298646346,0.005208333333333333,0.006037512041338349,0.0013020833333333333,0.0018414239093399675,0.18940972222222222,0.0630094734558024,0.010416666666666666,0.012075024082676697,0.0026041666666666665,0.003682847818679935,0.3250915750915751,0.0988568320060144,0.020833333333333332,0.024150048165353395,0.005208333333333333,0.00736569563735987,0.5118468337218337,0.13312431965531668,0.041666666666666664,0.04830009633070679,0.010416666666666666,0.01473139127471974,0.71875,0.15309310892394862,0.08333333333333333,0.09660019266141358,0.020833333333333332,0.02946278254943948
logic,15,40,3,0.08333333333333333,0.06421264586426018,0.020833333333333332,0.02946278254943948,0.057942708333333336,0.03897559777889522,0.004557291666666667,0.004013290366516261,0.0,0.0,0.11111111111111112,0.07397066032507395,0.008940972222222223,0.0078018832182712924,0.0,0.0,0.20452152014652014,0.13343052200488403,0.017187499999999998,0.014712965512318264,0.0,0.0,0.3484508547008547,0.2187384582336526,0.03159722222222222,0.025941938672712286,0.0,0.0,0.5208333333333334,0.3044091499208845,0.052083333333333336,0.03897559777889522,0.0,0.0
logic,15,45,3,0.010416666666666666,0.01473139127471974,0.010416666666666666,0.01473139127471974,0.013671875,0.009700302360515195,0.018880208333333332,0.02533213080513505,0.0006510416666666666,0.0009207119546699837,0.026128472222222223,0.01852724223051585,0.03697916666666667,0.049559966920696745,0.0013020833333333333,0.0018414239093399675,0.047836538461538465,0.033889979961760935,0.07098214285714285,0.09491324107419093,0.0026041666666666665,0.003682847818679935,0.0811965811965812,0.05746845420319428,0.13125,0.17468349354379956,0.005208333333333333,0.00736569563735987,0.125,0.08838834764831845,0.22916666666666666,0.3022628776780606,0.010416666666666666,0.01473139127471974
logic,15,50,3,0.08333333333333333,0.0736569563735987,0.041666666666666664,0.05892556509887896,0.022135416666666668,0.011536487725696192,0.013671875,0.013053344827970978,0.0,0.0,0.04401041666666667,0.022896929632028704,0.02682291666666667,0.02569121835978561,0.0,0.0,0.08697916666666666,0.04509346004565284,0.05163690476190476,0.04982308642772753,0.0,0.0,0.16979166666666667,0.08741728895022659,0.09583333333333334,0.09423869541203848,0.0,0.0,0.3229166666666667,0.1640418307085794,0.16666666666666666,0.17368054167221944,0.0,0.0
logic,20,1,3,1.0,0.0,1.0,0.0,1.0,0.0,1.0,0.0,1.0,0.0,1.0,0.0,1.0,0.0,1.0,0.0,1.0,0.0,1.0,0.0,1.0,0.0,1.0,0.0,1.0,0.0,1.0,0.0,1.0,0.0,1.0,0.0,1.0,0.0
logic,20,2,3,1.0,0.0,1.0,0.0,1.0,0.0,1.0,0.0,1.0,0.0,1.0,0.0,1.0,0.0,1.0,0.0,1.0,0.0,1.0,0.0,1.0,0.0,1.0,0.0,1.0,0.0,1.0,0.0,1.0,0.0,1.0,0.0,1.0,0.0
logic,20,5,3,1.0,0.0,1.0,0.0,1.0,0.0,1.0,0.0,1.0,0.0,1.0,0.0,1.0,0.0,1.0,0.0,1.0,0.0,1.0,0.0,1.0,0.0,1.0,0.0,1.0,0.0,1.0,0.0,1.0,0.0,1.0,0.0,1.0,0.0
logic,20,10,3,1.0,0.0,1.0,0.0,1.0,0.0,1.0,0.0,1.0,0.0,1.0,0.0,1.0,0.0,1.0,0.0,1.0,0.0,1.0,0.0,1.0,0.0,1.0,0.0,1.0,0.0,1.0,0.0,1.0,0.0,1.0,0.0,1.0,0.0
logic,20,12,3,1.0,0.0,1.0,0.0,0.9993489583333334,0.0009207119546699837,0.9993489583333334,0.0009207119546699837,0.9993489583333334,0.0009207119546699837,1.0,0.0,1.0,0.0,1.0,0.0,1.0,0.0,1.0,0.0,1.0,0.0,1.0,0.0,1.0,0.0,1.0,0.0,1.0,0.0,1.0,0.0,1.0,0.0
logic,20,15,3,1.0,0.0,1.0,0.0,1.0,0.0,1.0,0.0,1.0,0.0,1.0,0.0,1.0,0.0,1.0,0.0,1.0,0.0,1.0,0.0,1.0,0.0,1.0,0.0,1.0,0.0,1.0,0.0,1.0,0.0,1.0,0.0,1.0,0.0
logic,20,18,3,1.0,0.0,1.0,0.0,1.0,0.0,1.0,0.0,1.0,0.0,1.0,0.0,1.0,0.0,1.0,0.0,1.0,0.0,1.0,0.0,1.0,0.0,1.0,0.0,1.0,0.0,1.0,0.0,1.0,0.0,1.0,0.0,1.0,0.0
logic,20,20,3,1.0,0.0,1.0,0.0,0.998046875,0.0027621358640099515,0.9954427083333334,0.0009207119546699837,0.9954427083333334,0.0009207119546699837,0.9997395833333333,0.0003682847818679726,0.9996527777777778,0.00032479664815744175,0.9996527777777778,0.00032479664815744175,1.0,0.0,1.0,0.0,1.0,0.0,1.0,0.0,1.0,0.0,1.0,0.0,1.0,0.0,1.0,0.0,1.0,0.0
logic,20,25,3,0.4479166666666667,0.12586506222494345,0.20833333333333334,0.16989069198229262,0.4674479166666667,0.1472534786289138,0.13020833333333334,0.10972708089079912,0.08854166666666667,0.05359144694598093,0.6633680555555556,0.15534813994476357,0.20043402777777777,0.18546010499551108,0.13046875,0.09180884846065382,0.8333562271062271,0.11988592665862186,0.28977220695970696,0.2777463881200771,0.18816964285714285,0.14353376918587418,0.9347683566433567,0.0655841014092016,0.37544110981610984,0.3569729487925449,0.25721315721315724,0.20541919698301367,0.96875,0.04419417382415922,0.4375,0.3928064090617667,0.3333333333333333,0.27043239553639936
logic,20,30,3,0.3333333333333333,0.16989069198229262,0.08333333333333333,0.06421264586426018,0.3365885416666667,0.1580489968516598,0.05078125,0.03497493754834191,0.033854166666666664,0.024773824987552668,0.5279513888888888,0.1998887871372147,0.09401041666666667,0.06449226329927461,0.06319444444444444,0.04593252629075193,0.723345924908425,0.17609837670958528,0.16504693223443223,0.11215732796530792,0.11268887362637363,0.08144111023956013,0.8764406889406889,0.0970693096332214,0.27174792799792796,0.18160535273241,0.18918188293188293,0.13696598290535586,0.96875,0.04419417382415922,0.4166666666666667,0.27282918445226656,0.2916666666666667,0.21245914639969937
logic,20,35,3,0.22916666666666666,0.12586506222494345,0.03125,0.02551551815399144,0.255859375,0.13678383867305163,0.024088541666666668,0.016366933710906945,0.014973958333333334,0.01720031876773816,0.42508680555555556,0.1887718885497409,0.046961805555555555,0.03166844651126304,0.028906249999999998,0.033109464167770095,0.6299622252747253,0.19177144499202164,0.08928571428571429,0.05936017313980035,0.05386904761904762,0.06136764755227117,0.8221590909090909,0.11991639957813403,0.16180555555555554,0.10497027981796432,0.09375,0.10583388013856992,0.9479166666666666,0.05311478659992484,0.2708333333333333,0.16989069198229262,0.14583333333333334,0.1640418307085794
logic,20,40,3,0.17708333333333334,0.15380024021076458,0.010416666666666666,0.01473139127471974,0.17643229166666666,0.11601335984975382,0.016276041666666668,0.015488772465325937,0.009765625,0.011163039192371254,0.3032986111111111,0.1759828876092462,0.032031250000000004,0.03041937178800463,0.01935763888888889,0.022083101304686006,0.47592147435897436,0.21749722599437663,0.06197916666666667,0.05860705867375438,0.03802083333333333,0.043194639826281946,0.6708195739445739,0.1980531521032149,0.11562499999999999,0.10829660167883931,0.07326388888888889,0.08250602063703003,0.8541666666666666,0.10622957319984969,0.19791666666666666,0.18102236663523716,0.13541666666666666,0.14950729265007628
logic,20,45,3,0.052083333333333336,0.03897559777889522,0.0,0.0,0.08984375,0.076612972309144,0.010416666666666666,0.00560047217906421,0.0026041666666666665,0.003682847818679935,0.16111111111111112,0.1323103479081672,0.020572916666666666,0.010989048499360457,0.005121527777777778,0.007242934043403873,0.26750228937728937,0.2037100924549882,0.04010416666666666,0.021130690390729994,0.009895833333333333,0.013994821710983752,0.40100767288267286,0.2619738623961877,0.07604166666666666,0.038873384806269395,0.01840277777777778,0.02602545791867154,0.53125,0.2589542269720011,0.13541666666666666,0.06421264586426018,0.03125,0.04419417382415922
logic,20,50,3,0.08333333333333333,0.09660019266141358,0.0,0.0,0.06770833333333333,0.05967605738557806,0.006510416666666667,0.0048719497223619025,0.0006510416666666666,0.0009207119546699837,0.12682291666666667,0.10841155529361506,0.012934027777777779,0.009651435008524143,0.0013020833333333333,0.0018414239093399675,0.2250114468864469,0.18098655907758962,0.025520833333333333,0.01893714475281025,0.0026041666666666665,0.003682847818679935,0.36820852758352757,0.26330273252415304,0.049652777777777775,0.03644675742152119,0.005208333333333333,0.00736569563735987,0.5520833333333334,0.3210632293213009,0.09375,0.06750771560841522,0.010416666666666666,0.01473139127471974
logic,25,1,3,1.0,0.0,1.0,0.0,1.0,0.0,1.0,0.0,1.0,0.0,1.0,0.0,1.0,0.0,1.0,0.0,1.0,0.0,1.0,0.0,1.0,0.0,1.0,0.0,1.0,0.0,1.0,0.0,1.0,0.0,1.0,0.0,1.0,0.0
logic,25,2,3,1.0,0.0,1.0,0.0,1.0,0.0,1.0,0.0,1.0,0.0,1.0,0.0,1.0,0.0,1.0,0.0,1.0,0.0,1.0,0.0,1.0,0.0,1.0,0.0,1.0,0.0,1.0,0.0,1.0,0.0,1.0,0.0,1.0,0.0
logic,25,5,3,1.0,0.0,1.0,0.0,1.0,0.0,1.0,0.0,1.0,0.0,1.0,0.0,1.0,0.0,1.0,0.0,1.0,0.0,1.0,0.0,1.0,0.0,1.0,0.0,1.0,0.0,1.0,0.0,1.0,0.0,1.0,0.0,1.0,0.0
logic,25,10,3,1.0,0.0,1.0,0.0,1.0,0.0,1.0,0.0,1.0,0.0,1.0,0.0,1.0,0.0,1.0,0.0,1.0,0.0,1.0,0.0,1.0,0.0,1.0,0.0,1.0,0.0,1.0,0.0,1.0,0.0,1.0,0.0,1.0,0.0
logic,25,12,3,1.0,0.0,1.0,0.0,1.0,0.0,1.0,0.0,1.0,0.0,1.0,0.0,1.0,0.0,1.0,0.0,1.0,0.0,1.0,0.0,1.0,0.0,1.0,0.0,1.0,0.0,1.0,0.0,1.0,0.0,1.0,0.0,1.0,0.0
logic,25,15,3,1.0,0.0,1.0,0.0,1.0,0.0,1.0,0.0,1.0,0.0,1.0,0.0,1.0,0.0,1.0,0.0,1.0,0.0,1.0,0.0,1.0,0.0,1.0,0.0,1.0,0.0,1.0,0.0,1.0,0.0,1.0,0.0,1.0,0.0
logic,25,18,3,1.0,0.0,1.0,0.0,1.0,0.0,1.0,0.0,1.0,0.0,1.0,0.0,1.0,0.0,1.0,0.0,1.0,0.0,1.0,0.0,1.0,0.0,1.0,0.0,1.0,0.0,1.0,0.0,1.0,0.0,1.0,0.0,1.0,0.0
logic,25,20,3,1.0,0.0,1.0,0.0,0.9986979166666666,0.0018414239093399675,0.9986979166666666,0.0018414239093399675,0.9986979166666666,0.0018414239093399675,0.9999131944444445,0.00012276159395599085,0.9999131944444445,0.00012276159395599085,0.9999131944444445,0.00012276159395599085,1.0,0.0,1.0,0.0,1.0,0.0,1.0,0.0,1.0,0.0,1.0,0.0,1.0,0.0,1.0,0.0,1.0,0.0
logic,25,25,3,1.0,0.0,1.0,0.0,0.9986979166666666,0.0018414239093399675,0.998046875,0.0027621358640099515,0.998046875,0.0027621358640099515,0.9999131944444445,0.00012276159395599085,0.9999131944444445,0.00012276159395599085,0.9999131944444445,0.00012276159395599085,1.0,0.0,1.0,0.0,1.0,0.0,1.0,0.0,1.0,0.0,1.0,0.0,1.0,0.0,1.0,0.0,1.0,0.0
logic,25,30,3,0.9583333333333334,0.05892556509887896,0.9166666666666666,0.09660019266141358,0.8782552083333334,0.10372219627237929,0.8424479166666666,0.1398391429253527,0.833984375,0.1374422819199936,0.9625868055555555,0.04318015824171238,0.9277777777777778,0.07578716606982387,0.9244791666666666,0.07667756376360836,0.9948889652014652,0.007058131061662952,0.9731456043956044,0.02336672223427098,0.971926510989011,0.024810672850969884,0.9999465811965812,7.554559628061379e-05,0.9926605801605801,0.006413868867020572,0.9923926767676767,0.006385475642319469,1.0,0.0,1.0,0.0,1.0,0.0
logic,25,35,3,0.9270833333333334,0.06421264586426018,0.9166666666666666,0.05311478659992484,0.859375,0.1088272183050289,0.8274739583333334,0.13947494625803072,0.81640625,0.13628092097051925,0.95078125,0.05318793929617948,0.9237847222222222,0.08809228622398338,0.9206597222222223,0.08781110299951986,0.9881868131868132,0.0139941101174174,0.9697287087912088,0.040347515200627786,0.9691277472527472,0.040008631797814984,0.9992658961408961,0.000961951917357361,0.994174112924113,0.008221882886336743,0.9941449753949754,0.008201391697291411,1.0,0.0,1.0,0.0,1.0,0.0
logic,25,40,3,0.8125,0.02551551815399144,0.8125,0.02551551815399144,0.7506510416666666,0.07189221751810232,0.7018229166666666,0.08056624184537098,0.6927083333333334,0.07737815768047406,0.8941840277777777,0.034562784990341544,0.8460069444444445,0.06126726026014178,0.8404513888888888,0.05840007858903315,0.965418956043956,0.011300277364016469,0.9236492673992673,0.03671008809418701,0.9218921703296703,0.0354804024011433,0.993056364931365,0.0076127835475814235,0.9627128658378659,0.025186432009451237,0.9626019813519814,0.025076097888733617,1.0,0.0,0.9791666666666666,0.02946278254943948,0.9791666666666666,0.02946278254943948
logic,25,45,3,0.7395833333333334,0.12842529172852035,0.71875,0.11692679333668567,0.6881510416666666,0.1078805705498916,0.6256510416666666,0.09015928137355099,0.603515625,0.09078705428231723,0.8518229166666667,0.0748826604278629,0.8014756944444444,0.06534204228052898,0.78515625,0.07038865474644256,0.9360977564102564,0.041051768272957735,0.9078296703296703,0.03755191793487236,0.8982429029304029,0.04267988689146437,0.9701753108003108,0.02515766630559218,0.957654267029267,0.026678826028697856,0.9531274281274281,0.031008267124447528,0.9895833333333334,0.01473139127471974,0.9895833333333334,0.01473139127471974,0.9895833333333334,0.01473139127471974
logic,25,50,3,0.6666666666666666,0.16601434844280444,0.625,0.22963966338592295,0.5716145833333334,0.151030441393219,0.5,0.16656236563862623,0.4798177083333333,0.16488457646747207,0.7657118055555555,0.11715515242851181,0.6831597222222222,0.142277033098728,0.6652777777777777,0.14980943922085888,0.9029475732600732,0.055173527196978614,0.826367902930403,0.08189750765995688,0.8131925366300367,0.09423905402341665,0.9715828153328153,0.018783745438456068,0.9063778813778814,0.036253273167970085,0.8993444055944055,0.045629535028151993,0.9895833333333334,0.01473139127471974,0.9375,0.02551551815399144,0.9375,0.02551551815399144
nl_exact,5,1,3,1.0,0.0,1.0,0.0,1.0,0.0,1.0,0.0,1.0,0.0,1.0,0.0,1.0,0.0,1.0,0.0,1.0,0.0,1.0,0.0,1.0,0.0,1.0,0.0,1.0,0.0,1.0,0.0,1.0,0.0,1.0,0.0,1.0,0.0
nl_exact,5,2,3,1.0,0.0,1.0,0.0,1.0,0.0,1.0,0.0,1.0,0.0,1.0,0.0,1.0,0.0,1.0,0.0,1.0,0.0,1.0,0.0,1.0,0.0,1.0,0.0,1.0,0.0,1.0,0.0,1.0,0.0,1.0,0.0,1.0,0.0
nl_exact,5,5,3,1.0,0.0,1.0,0.0,1.0,0.0,1.0,0.0,1.0,0.0,1.0,0.0,1.0,0.0,1.0,0.0,1.0,0.0,1.0,0.0,1.0,0.0,1.0,0.0,1.0,0.0,1.0,0.0,1.0,0.0,1.0,0.0,1.0,0.0
nl_exact,5,10,3,1.0,0.0,1.0,0.0,1.0,0.0,1.0,0.0,1.0,0.0,1.0,0.0,1.0,0.0,1.0,0.0,1.0,0.0,1.0,0.0,1.0,0.0,1.0,0.0,1.0,0.0,1.0,0.0,1.0,0.0,1.0,0.0,1.0,0.0
nl_exact,5,12,3,0.9895833333333334,0.01473139127471974,0.9895833333333334,0.01473139127471974,0.98828125,0.015212658132223857,0.98828125,0.015212658132223857,0.98828125,0.015212658132223857,0.9947048611111111,0.007488457231315861,0.9947048611111111,0.007488457231315861,0.9947048611111111,0.007488457231315861,0.9981055402930403,0.0026791706109517803,0.9981055402930403,0.0026791706109517803,0.9981055402930403,0.0026791706109517803,0.999866452991453,0.0001888639907015083,0.999866452991453,0.0001888639907015083,0.999866452991453,0.0001888639907015083,1.0,0.0,1.0,0.0,1.0,0.0
nl_exact,5,15,3,0.96875,0.04419417382415922,0.9895833333333334,0.01473139127471974,0.912109375,0.11200565941453769,0.982421875,0.01275775907699572,0.9108072916666666,0.1125078363397289,0.9677083333333333,0.040620548189126957,0.9924479166666667,0.005573160041414775,0.9668402777777778,0.04044729056492176,0.9927884615384616,0.009361635773676201,0.9980711996336996,0.001488337364072088,0.9924679487179487,0.00916478934514916,0.999517612017612,0.0006804834036608286,0.9999562937062937,4.7208192733161996e-05,0.999511137011137,0.0006759630372574561,1.0,0.0,1.0,0.0,1.0,0.0
nl_exact,5,18,3,0.9375,0.08838834764831845,0.9895833333333334,0.01473139127471974,0.880859375,0.1333571094930591,0.96484375,0.019918044974971814,0.87890625,0.1361035264858152,0.9467881944444444,0.0685294538750909,0.98515625,0.014606566314979343,0.9452256944444445,0.07073635535251373,0.977312271062271,0.03160088765809533,0.9893257783882784,0.014612669044732473,0.9769402472527473,0.032126988403650865,0.9869374838124838,0.018473187551103495,0.9895833333333334,0.01473139127471974,0.9869366744366744,0.01847433218135017,0.9895833333333334,0.01473139127471974,0.9895833333333334,0.01473139127471974,0.9895833333333334,0.01473139127471974
nl_exact,5,20,3,0.8854166666666666,0.0736569563735987,0.8854166666666666,0.0736569563735987,0.8548177083333334,0.06937184247381502,0.8515625,0.06665471287686953,0.849609375,0.06703516524113481,0.9035590277777777,0.0625077155731422,0.9012152777777778,0.06112208412375331,0.9006076388888888,0.06078719791028333,0.9249370421245421,0.051538470106337324,0.9245364010989011,0.05127104716508722,0.9243360805860806,0.05113916537745921,0.935753367003367,0.04553227705495927,0.9357525576275576,0.04553171188722865,0.9357517482517482,0.04553114674125816,0.9375,0.04419417382415922,0.9375,0.04419417382415922,0.9375,0.04419417382415922
nl_exact,5,25,3,0.78125,0.2460627460628691,0.875,0.06750771560841522,0.7604166666666666,0.20527540940550387,0.830078125,0.05485001893183736,0.7174479166666666,0.20278876752409383,0.8845486111111112,0.13056207735261866,0.9224826388888889,0.04743365656041455,0.849392361111111,0.1471298599819305,0.9536744505494505,0.049664336866919755,0.9565533424908425,0.034012125628678246,0.9257440476190476,0.07725179491708038,0.9861952861952862,0.010606759954362709,0.9769853988603988,0.019935702454211075,0.965739121989122,0.035545423186573305,1.0,0.0,0.9895833333333334,0.01473139127471974,0.9895833333333334,0.01473139127471974
nl_exact,5,30,3,0.53125,0.3775951866748304,0.7291666666666666,0.03897559777889522,0.21484375,0.14409068551104082,0.21875,0.11752339015307939,0.15885416666666666,0.1356199645842632,0.3491319444444444,0.2158330372781467,0.36614583333333334,0.17063088762566203,0.26788194444444446,0.21846473352814794,0.5070226648351648,0.2632567458057874,0.5452724358974359,0.19374907297311034,0.40042353479853476,0.30096855499634967,0.655272274022274,0.2639506965836667,0.7112398018648018,0.159027116931573,0.5218248186998187,0.3465415028573974,0.7708333333333334,0.23707930576543837,0.8333333333333334,0.09660019266141358,0.625,0.36174490321219455
nl_exact,5,35,3,0.03125,0.02551551815399144,0.0,0.0,0.042317708333333336,0.02312802040147345,0.03125,0.017758049084617,0.029947916666666668,0.01948779888944761,0.08090277777777778,0.043084772512945735,0.06059027777777778,0.03418067265996464,0.057986111111111106,0.03763078402898088,0.14854624542124542,0.0751299729809288,0.11413118131868132,0.06335412525606852,0.10892284798534799,0.07022353094170149,0.255315170940171,0.11696826794611986,0.20446047008547008,0.10920993918840893,0.19404380341880342,0.12288748715744886,0.40625,0.15934435979977452,0.34375,0.16731644171051052,0.3229166666666667,0.1948779888944761
nl_exact,5,40,3,0.010416666666666666,0.01473139127471974,0.0,0.0,0.037760416666666664,0.03035558131998637,0.033203125,0.027667355938640337,0.031901041666666664,0.02749832302336312,0.07204861111111112,0.057261013474780124,0.06328125000000001,0.05213062089442215,0.06067708333333334,0.051804374474546784,0.13212568681318682,0.10280081954745138,0.11590544871794871,0.09344902807900317,0.11069711538461538,0.09283951788998714,0.22734071484071483,0.17012829721775877,0.19956293706293707,0.15433333342483416,0.1891462703962704,0.15328450793869744,0.3541666666666667,0.24517921449874625,0.3125,0.2180046826714203,0.2916666666666667,0.2170069443333298
nl_exact,5,45,3,0.041666666666666664,0.05892556509887896,0.0,0.0,0.033854166666666664,0.028093032565613824,0.022786458333333332,0.025432324198729962,0.022786458333333332,0.025432324198729962,0.0640625,0.05234871625141629,0.04279513888888889,0.046955146246884995,0.04279513888888889,0.046955146246884995,0.11560782967032968,0.09186894138775858,0.07639652014652015,0.08098685468672327,0.07639652014652015,0.08098685468672327,0.19331293706293706,0.14662791574694017,0.1269934926184926,0.12581704917556605,0.1269934926184926,0.12581704917556605,0.2916666666666667,0.20465502817071354,0.19791666666666666,0.17368054167221944,0.19791666666666666,0.17368054167221944
nl_exact,5,50,3,0.020833333333333332,0.02946278254943948,0.010416666666666666,0.01473139127471974,0.035807291666666664,0.020812978337429403,0.024739583333333332,0.018414239093399676,0.020833333333333332,0.018688411581259536,0.06814236111111112,0.03858055314307478,0.04722222222222222,0.034373903952784404,0.039496527777777776,0.03504279102657348,0.12438759157509158,0.06737059207833665,0.0865728021978022,0.06041436716073199,0.07146863553113553,0.062225022560552595,0.2127573815073815,0.10875759277646288,0.14911858974358974,0.09683030833052765,0.1202991452991453,0.10229930287980778,0.3333333333333333,0.16601434844280444,0.23958333333333334,0.1405285162836671,0.1875,0.15934435979977452
nl_exact,10,1,3,1.0,0.0,1.0,0.0,1.0,0.0,1.0,0.0,1.0,0.0,1.0,0.0,1.0,0.0,1.0,0.0,1.0,0.0,1.0,0.0,1.0,0.0,1.0,0.0,1.0,0.0,1.0,0.0,1.0,0.0,1.0,0.0,1.0,0.0
nl_exact,10,2,3,1.0,0.0,1.0,0.0,1.0,0.0,1.0,0.0,1.0,0.0,1.0,0.0,1.0,0.0,1.0,0.0,1.0,0.0,1.0,0.0,1.0,0.0,1.0,0.0,1.0,0.0,1.0,0.0,1.0,0.0,1.0,0.0,1.0,0.0
nl_exact,10,5,3,1.0,0.0,1.0,0.0,1.0,0.0,1.0,0.0,1.0,0.0,1.0,0.0,1.0,0.0,1.0,0.0,1.0,0.0,1.0,0.0,1.0,0.0,1.0,0.0,1.0,0.0,1.0,0.0,1.0,0.0,1.0,0.0,1.0,0.0
nl_exact,10,10,3,1.0,0.0,1.0,0.0,1.0,0.0,1.0,0.0,1.0,0.0,1.0,0.0,1.0,0.0,1.0,0.0,1.0,0.0,1.0,0.0,1.0,0.0,1.0,0.0,1.0,0.0,1.0,0.0,1.0,0.0,1.0,0.0,1.0,0.0
nl_exact,10,12,3,1.0,0.0,1.0,0.0,1.0,0.0,1.0,0.0,1.0,0.0,1.0,0.0,1.0,0.0,1.0,0.0,1.0,0.0,1.0,0.0,1.0,0.0,1.0,0.0,1.0,0.0,1.0,0.0,1.0,0.0,1.0,0.0,1.0,0.0
nl_exact,10,15,3,1.0,0.0,1.0,0.0,0.994140625,0.004219232225525951,0.9934895833333334,0.0048719497223619025,0.9934895833333334,0.0048719497223619025,0.9986111111111111,0.0010702107644043233,0.9986111111111111,0.0010702107644043233,0.9986111111111111,0.0010702107644043233,0.9999656593406594,3.7092151433186476e-05,0.9999656593406594,3.7092151433186476e-05,0.9999656593406594,3.7092151433186476e-05,1.0,0.0,1.0,0.0,1.0,0.0,1.0,0.0,1.0,0.0,1.0,0.0
nl_exact,10,18,3,0.9895833333333334,0.01473139127471974,0.9791666666666666,0.02946278254943948,0.98046875,0.027621358640099514,0.9674479166666666,0.04603559773349919,0.9674479166666666,0.04603559773349919,0.9885416666666667,0.016204530402191736,0.9790798611111111,0.02958554414339547,0.9790798611111111,0.02958554414339547,0.991981456043956,0.011339933613122173,0.984168956043956,0.02238847706916198,0.984168956043956,0.02238847706916198,0.9947916666666666,0.00736569563735987,0.9895833333333334,0.01473139127471974,0.9895833333333334,0.01473139127471974,1.0,0.0,1.0,0.0,1.0,0.0
nl_exact,10,20,3,0.9895833333333334,0.01473139127471974,0.9895833333333334,0.01473139127471974,0.9856770833333334,0.00560047217906421,0.984375,0.016876928902103804,0.9772135416666666,0.012790939260669596,0.9943576388888888,0.006141761441426607,0.9933159722222222,0.008372124702207946,0.9885416666666667,0.007201199705540294,0.9981055402930403,0.00266703856626981,0.9971611721611722,0.004002573712510732,0.9952724358974359,0.0035258547191554103,0.999866452991453,0.0001888639907015083,0.9995993589743589,0.0005665919721046295,0.999465811965812,0.0004996871510115051,1.0,0.0,1.0,0.0,1.0,0.0
nl_exact,10,25,3,0.8020833333333334,0.2581148269450806,0.7604166666666666,0.338821999318554,0.80859375,0.2312453810771823,0.7630208333333334,0.3172103230534109,0.7526041666666666,0.3102717323666724,0.8521701388888889,0.18343618057710018,0.8108506944444445,0.2634485258024654,0.8004340277777777,0.2564533771653813,0.8858688186813187,0.1397072762292183,0.8493074633699633,0.21291719156217181,0.8388907967032967,0.20595310687914942,0.9046441983941984,0.11347582062304751,0.8737454674954676,0.1785508721789846,0.8633288008288008,0.17165991111571127,0.9166666666666666,0.09660019266141358,0.8958333333333334,0.1473139127471974,0.8854166666666666,0.1405285162836671
nl_exact,10,30,3,0.7291666666666666,0.33978138396458524,0.6458333333333334,0.4573853833354198,0.6764322916666666,0.3350139213946367,0.6067708333333334,0.4312068702642708,0.60546875,0.43045327123562194,0.7230034722222222,0.33016221180851174,0.6361979166666667,0.45072796498889706,0.6361979166666667,0.45072796498889706,0.7500228937728938,0.3130400321960677,0.6471554487179487,0.45817718402499014,0.6471554487179487,0.45817718402499014,0.7706309893809894,0.29184257465931457,0.6510335729085729,0.4607481644492663,0.6510335729085729,0.4607481644492663,0.7916666666666666,0.27282918445226656,0.65625,0.4642141657324415,0.65625,0.4642141657324415
nl_exact,10,35,3,0.25,0.142064392676936,0.13541666666666666,0.19150808657135662,0.19466145833333334,0.13274865704096805,0.12239583333333333,0.1648382988501008,0.11653645833333333,0.1593150971642732,0.2822048611111111,0.18718148260851034,0.17690972222222223,0.23388358332882841,0.1714409722222222,0.23167467704684688,0.3677541208791209,0.2295654750701507,0.23237179487179488,0.2968301042646943,0.2256753663003663,0.29840715832515047,0.44154687904687906,0.2408779326433624,0.27920875420875424,0.3344857617567225,0.2686593499093499,0.3416477661001672,0.5104166666666666,0.22292640165659058,0.3229166666666667,0.3482969478604268,0.3020833333333333,0.3629427372955072
nl_exact,10,40,3,0.0625,0.05103103630798288,0.041666666666666664,0.05892556509887896,0.06315104166666667,0.04941916592278215,0.048828125,0.06360913639621997,0.03515625,0.045637974396671575,0.10963541666666667,0.0827789174569662,0.08298611111111111,0.10668024894989138,0.06163194444444445,0.0790192836494011,0.17240155677655677,0.12122488195206096,0.12745535714285716,0.15971737351533194,0.09860347985347985,0.12324554879507554,0.2450781857031857,0.1507815686577241,0.1745386557886558,0.20901550548221842,0.14167395104895106,0.1683030827133062,0.3333333333333333,0.16601434844280444,0.21875,0.2460627460628691,0.1875,0.20252314682524564
nl_exact,10,45,3,0.13541666666666666,0.13093546968725556,0.03125,0.04419417382415922,0.0546875,0.0438765376184746,0.025390625,0.035907766232129365,0.017578125,0.02485922277608956,0.09262152777777778,0.07189711733643137,0.04331597222222222,0.06125803538404292,0.03159722222222222,0.04468522019998321,0.1461881868131868,0.1092593675524285,0.06900183150183149,0.09758332593847317,0.053439789377289375,0.07557527490772428,0.2155707718207718,0.15481374882692187,0.10234071484071483,0.1447316269106964,0.08632397694897694,0.12208053895922562,0.3020833333333333,0.21398581858514726,0.13541666666666666,0.19150808657135662,0.13541666666666666,0.19150808657135662
nl_exact,10,50,3,0.041666666666666664,0.01473139127471974,0.03125,0.04419417382415922,0.039713541666666664,0.02950590935839755,0.038411458333333336,0.04758397581932709,0.026692708333333332,0.031100445084625485,0.07126736111111111,0.05298112211659003,0.06831597222222222,0.08370585501027716,0.048611111111111105,0.05601373563909939,0.1184466575091575,0.08722742474552571,0.11169871794871795,0.1342463374269705,0.08219436813186813,0.09285631841519314,0.18046733359233358,0.1274386700424235,0.16568732193732194,0.1938542448287713,0.12574057886557885,0.1379853362617959,0.2604166666666667,0.16601434844280444,0.22916666666666666,0.26062491673326676,0.17708333333333334,0.18807781338820612
nl_exact,15,1,3,1.0,0.0,1.0,0.0,1.0,0.0,1.0,0.0,1.0,0.0,1.0,0.0,1.0,0.0,1.0,0.0,1.0,0.0,1.0,0.0,1.0,0.0,1.0,0.0,1.0,0.0,1.0,0.0,1.0,0.0,1.0,0.0,1.0,0.0
nl_exact,15,2,3,1.0,0.0,1.0,0.0,1.0,0.0,1.0,0.0,1.0,0.0,1.0,0.0,1.0,0.0,1.0,0.0,1.0,0.0,1.0,0.0,1.0,0.0,1.0,0.0,1.0,0.0,1.0,0.0,1.0,0.0,1.0,0.0,1.0,0.0
nl_exact,15,5,3,1.0,0.0,1.0,0.0,1.0,0.0,1.0,0.0,1.0,0.0,1.0,0.0,1.0,0.0,1.0,0.0,1.0,0.0,1.0,0.0,1.0,0.0,1.0,0.0,1.0,0.0,1.0,0.0,1.0,0.0,1.0,0.0,1.0,0.0
nl_exact,15,10,3,1.0,0.0,1.0,0.0,1.0,0.0,1.0,0.0,1.0,0.0,1.0,0.0,1.0,0.0,1.0,0.0,1.0,0.0,1.0,0.0,1.0,0.0,1.0,0.0,1.0,0.0,1.0,0.0,1.0,0.0,1.0,0.0,1.0,0.0
nl_exact,15,12,3,1.0,0.0,1.0,0.0,1.0,0.0,1.0,0.0,1.0,0.0,1.0,0.0,1.0,0.0,1.0,0.0,1.0,0.0,1.0,0.0,1.0,0.0,1.0,0.0,1.0,0.0,1.0,0.0,1.0,0.0,1.0,0.0,1.0,0.0
nl_exact,15,15,3,1.0,0.0,1.0,0.0,1.0,0.0,1.0,0.0,1.0,0.0,1.0,0.0,1.0,0.0,1.0,0.0,1.0,0.0,1.0,0.0,1.0,0.0,1.0,0.0,1.0,0.0,1.0,0.0,1.0,0.0,1.0,0.0,1.0,0.0
nl_exact,15,18,3,1.0,0.0,1.0,0.0,1.0,0.0,1.0,0.0,1.0,0.0,1.0,0.0,1.0,0.0,1.0,0.0,1.0,0.0,1.0,0.0,1.0,0.0,1.0,0.0,1.0,0.0,1.0,0.0,1.0,0.0,1.0,0.0,1.0,0.0
nl_exact,15,20,3,1.0,0.0,1.0,0.0,0.9973958333333334,0.003682847818679935,0.9973958333333334,0.003682847818679935,0.9973958333333334,0.003682847818679935,0.9994791666666667,0.0007365695637359975,0.9994791666666667,0.0007365695637359975,0.9994791666666667,0.0007365695637359975,0.9999942765567765,8.094171030052678e-06,0.9999942765567765,8.094171030052678e-06,0.9999942765567765,8.094171030052678e-06,1.0,0.0,1.0,0.0,1.0,0.0,1.0,0.0,1.0,0.0,1.0,0.0
nl_exact,15,25,3,1.0,0.0,1.0,0.0,0.998046875,0.0027621358640099515,0.998046875,0.0027621358640099515,0.998046875,0.0027621358640099515,0.9997395833333333,0.0003682847818679726,0.9997395833333333,0.0003682847818679726,0.9997395833333333,0.0003682847818679726,1.0,0.0,1.0,0.0,1.0,0.0,1.0,0.0,1.0,0.0,1.0,0.0,1.0,0.0,1.0,0.0,1.0,0.0
nl_exact,15,30,3,1.0,0.0,1.0,0.0,0.9140625,0.0483965300522026,0.939453125,0.044452369831019696,0.9140625,0.0483965300522026,0.9830729166666666,0.01102601419392474,0.9871527777777778,0.008593311576919857,0.9830729166666666,0.01102601419392474,0.9983630952380952,0.0015312965116291801,0.9985863095238096,0.0016262839372874823,0.9983630952380952,0.0015312965116291801,0.999963578088578,5.150836110041611e-05,0.999963578088578,5.150836110041611e-05,0.999963578088578,5.150836110041611e-05,1.0,0.0,1.0,0.0,1.0,0.0
nl_exact,15,35,3,0.375,0.3544729068161157,0.3229166666666667,0.39225354966172354,0.020833333333333332,0.016366933710906945,0.013671875,0.010457277606906908,0.010416666666666666,0.00736569563735987,0.04045138888888889,0.03173262540120807,0.026649305555555558,0.020379533858017013,0.020399305555555556,0.01442487907683017,0.07626488095238096,0.05963967517769068,0.05066964285714286,0.038716366108880504,0.03913690476190476,0.02767937146821227,0.1357638888888889,0.10542412321747258,0.0920138888888889,0.0700442843827486,0.07222222222222222,0.051097144830964315,0.21875,0.16731644171051052,0.15625,0.11692679333668567,0.125,0.08838834764831845
nl_exact,15,40,3,0.11458333333333333,0.07795119555779044,0.2708333333333333,0.38301617314271325,0.008463541666666666,0.010618168248893289,0.005208333333333333,0.006037512041338349,0.0032552083333333335,0.0033196741624953027,0.01657986111111111,0.020746709378563637,0.010416666666666666,0.012075024082676697,0.006510416666666667,0.006639348324990605,0.03184523809523809,0.03964021490372344,0.020833333333333332,0.024150048165353395,0.013020833333333334,0.01327869664998121,0.05902777777777778,0.07270969302559696,0.041666666666666664,0.04830009633070679,0.026041666666666668,0.02655739329996242,0.10416666666666667,0.12586506222494345,0.08333333333333333,0.09660019266141358,0.052083333333333336,0.05311478659992484
nl_exact,15,45,3,0.052083333333333336,0.0736569563735987,0.2708333333333333,0.3190290173148657,0.014973958333333334,0.014817456610339898,0.011067708333333334,0.010618168248893289,0.006510416666666667,0.0048719497223619025,0.02847222222222222,0.027776692687139743,0.021614583333333336,0.020677586230940088,0.012847222222222223,0.009627984496001586,0.05183150183150183,0.04922546624314815,0.041220238095238095,0.03922154413735059,0.024999999999999998,0.01879335265902991,0.08806089743589744,0.07986899848138763,0.075,0.07071579300007623,0.04722222222222222,0.03574534308786441,0.13541666666666666,0.11505584392903397,0.125,0.11692679333668567,0.08333333333333333,0.06421264586426018
nl_exact,15,50,3,0.052083333333333336,0.0736569563735987,0.3020833333333333,0.4272103469668725,0.008463541666666666,0.008183466855453472,0.008463541666666666,0.007866566389058966,0.0013020833333333333,0.0009207119546699837,0.01657986111111111,0.016042361847611198,0.01640625,0.015000542524911111,0.0026041666666666665,0.0018414239093399675,0.03177083333333333,0.030786493137774266,0.030877976190476192,0.027282309698361765,0.005208333333333333,0.003682847818679935,0.057986111111111106,0.05638059257524527,0.05520833333333333,0.045381293564149924,0.010416666666666666,0.00736569563735987,0.09375,0.0919975090242484,0.09375,0.06750771560841522,0.020833333333333332,0.01473139127471974
nl_exact,20,1,3,1.0,0.0,1.0,0.0,1.0,0.0,1.0,0.0,1.0,0.0,1.0,0.0,1.0,0.0,1.0,0.0,1.0,0.0,1.0,0.0,1.0,0.0,1.0,0.0,1.0,0.0,1.0,0.0,1.0,0.0,1.0,0.0,1.0,0.0
nl_exact,20,2,3,1.0,0.0,1.0,0.0,1.0,0.0,1.0,0.0,1.0,0.0,1.0,0.0,1.0,0.0,1.0,0.0,1.0,0.0,1.0,0.0,1.0,0.0,1.0,0.0,1.0,0.0,1.0,0.0,1.0,0.0,1.0,0.0,1.0,0.0
nl_exact,20,5,3,1.0,0.0,1.0,0.0,0.9973958333333334,0.003682847818679935,0.9973958333333334,0.003682847818679935,0.9973958333333334,0.003682847818679935,0.9994791666666667,0.0007365695637359975,0.9994791666666667,0.0007365695637359975,0.9994791666666667,0.0007365695637359975,0.9999942765567765,8.094171030052678e-06,0.9999942765567765,8.094171030052678e-06,0.9999942765567765,8.094171030052678e-06,1.0,0.0,1.0,0.0,1.0,0.0,1.0,0.0,1.0,0.0,1.0,0.0
nl_exact,20,10,3,1.0,0.0,1.0,0.0,1.0,0.0,1.0,0.0,1.0,0.0,1.0,0.0,1.0,0.0,1.0,0.0,1.0,0.0,1.0,0.0,1.0,0.0,1.0,0.0,1.0,0.0,1.0,0.0,1.0,0.0,1.0,0.0,1.0,0.0
nl_exact,20,12,3,1.0,0.0,1.0,0.0,1.0,0.0,1.0,0.0,1.0,0.0,1.0,0.0,1.0,0.0,1.0,0.0,1.0,0.0,1.0,0.0,1.0,0.0,1.0,0.0,1.0,0.0,1.0,0.0,1.0,0.0,1.0,0.0,1.0,0.0
nl_exact,20,15,3,1.0,0.0,1.0,0.0,1.0,0.0,1.0,0.0,1.0,0.0,1.0,0.0,1.0,0.0,1.0,0.0,1.0,0.0,1.0,0.0,1.0,0.0,1.0,0.0,1.0,0.0,1.0,0.0,1.0,0.0,1.0,0.0,1.0,0.0
nl_exact,20,18,3,1.0,0.0,1.0,0.0,1.0,0.0,1.0,0.0,1.0,0.0,1.0,0.0,1.0,0.0,1.0,0.0,1.0,0.0,1.0,0.0,1.0,0.0,1.0,0.0,1.0,0.0,1.0,0.0,1.0,0.0,1.0,0.0,1.0,0.0
nl_exact,20,20,3,1.0,0.0,1.0,0.0,1.0,0.0,1.0,0.0,1.0,0.0,1.0,0.0,1.0,0.0,1.0,0.0,1.0,0.0,1.0,0.0,1.0,0.0,1.0,0.0,1.0,0.0,1.0,0.0,1.0,0.0,1.0,0.0,1.0,0.0
nl_exact,20,25,3,1.0,0.0,1.0,0.0,1.0,0.0,1.0,0.0,1.0,0.0,1.0,0.0,1.0,0.0,1.0,0.0,1.0,0.0,1.0,0.0,1.0,0.0,1.0,0.0,1.0,0.0,1.0,0.0,1.0,0.0,1.0,0.0,1.0,0.0
nl_exact,20,30,3,0.9895833333333334,0.01473139127471974,0.9895833333333334,0.01473139127471974,0.763671875,0.17858726794521332,0.794921875,0.17687018038560207,0.763671875,0.17858726794521332,0.9,0.0805056830471832,0.9125,0.08198811145257698,0.9,0.0805056830471832,0.9708505036630036,0.02121905576898496,0.9723328754578755,0.02073001111729718,0.9708505036630036,0.02121905576898496,0.9868783993783994,0.013242709298448379,0.9868800181300181,0.013240492752541567,0.9868783993783994,0.013242709298448379,0.9895833333333334,0.01473139127471974,0.9895833333333334,0.01473139127471974,0.9895833333333334,0.01473139127471974
nl_exact,20,35,3,0.6875,0.2663898302613421,0.75,0.17860862707794006,0.005859375,0.008286407592029853,0.0078125,0.011048543456039806,0.005859375,0.008286407592029853,0.011371527777777779,0.016081768808235718,0.014930555555555556,0.021114994160431628,0.011371527777777779,0.016081768808235718,0.021428571428571425,0.03030457633656632,0.027375228937728938,0.03871442003680468,0.021428571428571425,0.03030457633656632,0.03819444444444444,0.05401510134063905,0.0468215811965812,0.06621571513995822,0.03819444444444444,0.05401510134063905,0.0625,0.08838834764831845,0.07291666666666667,0.10311973892303818,0.0625,0.08838834764831845
nl_exact,20,40,3,0.6041666666666666,0.31698175113964455,0.7083333333333334,0.16989069198229262,0.030598958333333332,0.04327346186948924,0.036458333333333336,0.05155986946151909,0.030598958333333332,0.04327346186948924,0.057118055555555554,0.08077712882304658,0.06744791666666666,0.09538575850381031,0.057118055555555554,0.08077712882304658,0.0997367216117216,0.14104902436992647,0.11638621794871795,0.16459496789638786,0.0997367216117216,0.14104902436992647,0.15392628205128206,0.2176846356825894,0.17918366355866355,0.25340396716035973,0.15392628205128206,0.2176846356825894,0.19791666666666666,0.2798964342196751,0.23958333333333334,0.338821999318554,0.19791666666666666,0.2798964342196751
nl_exact,20,45,3,0.46875,0.3317017360018887,0.6666666666666666,0.05311478659992484,0.044921875,0.06352912487222888,0.048828125,0.06905339660024878,0.044921875,0.06352912487222888,0.07994791666666667,0.11306342803347401,0.08611111111111112,0.12177950120434987,0.07994791666666667,0.11306342803347401,0.13069482600732601,0.18483039547155236,0.13887362637362638,0.19639696587351638,0.13069482600732601,0.18483039547155236,0.1910426379176379,0.270175089534656,0.20064102564102562,0.2837492596299864,0.1910426379176379,0.270175089534656,0.25,0.3535533905932738,0.2604166666666667,0.3682847818679935,0.25,0.3535533905932738
nl_exact,20,50,3,0.3541666666666667,0.29352089174177853,0.5520833333333334,0.1405285162836671,0.026692708333333332,0.03502337931331449,0.032552083333333336,0.0433028363237393,0.026692708333333332,0.03502337931331449,0.049826388888888885,0.06501915746294594,0.05928819444444444,0.07838681054193192,0.049826388888888885,0.06501915746294594,0.0879750457875458,0.11354627954471876,0.10017170329670329,0.13077130790571073,0.0879750457875458,0.11354627954471876,0.14387383449883448,0.18181938157766775,0.1530375874125874,0.19474906617365492,0.14387383449883448,0.18181938157766775,0.21875,0.2663898302613421,0.21875,0.2663898302613421,0.21875,0.2663898302613421
nl_exact,25,1,3,1.0,0.0,1.0,0.0,1.0,0.0,1.0,0.0,1.0,0.0,1.0,0.0,1.0,0.0,1.0,0.0,1.0,0.0,1.0,0.0,1.0,0.0,1.0,0.0,1.0,0.0,1.0,0.0,1.0,0.0,1.0,0.0,1.0,0.0
nl_exact,25,2,3,1.0,0.0,1.0,0.0,1.0,0.0,1.0,0.0,1.0,0.0,1.0,0.0,1.0,0.0,1.0,0.0,1.0,0.0,1.0,0.0,1.0,0.0,1.0,0.0,1.0,0.0,1.0,0.0,1.0,0.0,1.0,0.0,1.0,0.0
nl_exact,25,5,3,1.0,0.0,1.0,0.0,1.0,0.0,1.0,0.0,1.0,0.0,1.0,0.0,1.0,0.0,1.0,0.0,1.0,0.0,1.0,0.0,1.0,0.0,1.0,0.0,1.0,0.0,1.0,0.0,1.0,0.0,1.0,0.0,1.0,0.0
nl_exact,25,10,3,1.0,0.0,1.0,0.0,1.0,0.0,1.0,0.0,1.0,0.0,1.0,0.0,1.0,0.0,1.0,0.0,1.0,0.0,1.0,0.0,1.0,0.0,1.0,0.0,1.0,0.0,1.0,0.0,1.0,0.0,1.0,0.0,1.0,0.0
nl_exact,25,12,3,1.0,0.0,1.0,0.0,1.0,0.0,1.0,0.0,1.0,0.0,1.0,0.0,1.0,0.0,1.0,0.0,1.0,0.0,1.0,0.0,1.0,0.0,1.0,0.0,1.0,0.0,1.0,0.0,1.0,0.0,1.0,0.0,1.0,0.0
nl_exact,25,15,3,1.0,0.0,1.0,0.0,1.0,0.0,1.0,0.0,1.0,0.0,1.0,0.0,1.0,0.0,1.0,0.0,1.0,0.0,1.0,0.0,1.0,0.0,1.0,0.0,1.0,0.0,1.0,0.0,1.0,0.0,1.0,0.0,1.0,0.0
nl_exact,25,18,3,1.0,0.0,1.0,0.0,1.0,0.0,1.0,0.0,1.0,0.0,1.0,0.0,1.0,0.0,1.0,0.0,1.0,0.0,1.0,0.0,1.0,0.0,1.0,0.0,1.0,0.0,1.0,0.0,1.0,0.0,1.0,0.0,1.0,0.0
nl_exact,25,20,3,1.0,0.0,1.0,0.0,1.0,0.0,1.0,0.0,1.0,0.0,1.0,0.0,1.0,0.0,1.0,0.0,1.0,0.0,1.0,0.0,1.0,0.0,1.0,0.0,1.0,0.0,1.0,0.0,1.0,0.0,1.0,0.0,1.0,0.0
nl_exact,25,25,3,1.0,0.0,1.0,0.0,1.0,0.0,1.0,0.0,1.0,0.0,1.0,0.0,1.0,0.0,1.0,0.0,1.0,0.0,1.0,0.0,1.0,0.0,1.0,0.0,1.0,0.0,1.0,0.0,1.0,0.0,1.0,0.0,1.0,0.0
nl_exact,25,30,3,1.0,0.0,1.0,0.0,0.787109375,0.20855497649937835,0.8170572916666666,0.21603795312321894,0.787109375,0.20855497649937835,0.9072048611111111,0.11926521042462958,0.9172743055555556,0.11169422996694568,0.9072048611111111,0.11926521042462958,0.9768257783882783,0.03263976349655346,0.980540293040293,0.027483765777890468,0.9768257783882783,0.03263976349655346,0.9988652551152551,0.0016047716058397192,0.9993630212380212,0.0009008240041339974,0.9988652551152551,0.0016047716058397192,1.0,0.0,1.0,0.0,1.0,0.0
nl_exact,25,35,3,0.6354166666666666,0.29901458530015257,0.8958333333333334,0.10622957319984969,0.049479166666666664,0.03768176075127026,0.059895833333333336,0.048901854057848755,0.039713541666666664,0.03146626555623586,0.09479166666666666,0.07145705528092587,0.11302083333333333,0.09075386950032713,0.0763888888888889,0.06017084108357841,0.17437042124542124,0.12903529619101686,0.20215201465201466,0.15694071580852786,0.1417124542124542,0.11053790286881127,0.29772970085470085,0.21385813484426508,0.3300747863247863,0.2393272715949551,0.24639423076923078,0.18964236478994023,0.4479166666666667,0.30760048042152915,0.4791666666666667,0.3022628776780606,0.3854166666666667,0.29017475577466917
nl_exact,25,40,3,0.34375,0.3572172541558801,0.8854166666666666,0.05892556509887896,0.020833333333333332,0.005126307209643106,0.03125,0.00637887953849786,0.018880208333333332,0.004013290366516261,0.04079861111111111,0.010246733096892426,0.060937500000000006,0.012593688252307039,0.03715277777777778,0.008139380673424335,0.07827380952380952,0.020458197815337347,0.1163404304029304,0.02488211763364597,0.07194940476190476,0.016634415543400418,0.14444444444444443,0.040561144021353586,0.21479700854700853,0.04885943196529874,0.13506944444444444,0.03391776433750198,0.25,0.07654655446197431,0.375,0.08838834764831845,0.23958333333333334,0.06421264586426018
nl_exact,25,45,3,0.23958333333333334,0.338821999318554,0.6354166666666666,0.0820209153542897,0.015625,0.0027621358640099515,0.040364583333333336,0.014817456610339898,0.013671875,0.004784159653873394,0.03090277777777778,0.005586664204758363,0.07647569444444445,0.026855624385772367,0.027083333333333334,0.009568319307746789,0.06041666666666667,0.011434634583385499,0.13989239926739927,0.045239988771850634,0.053125,0.01913663861549358,0.11527777777777777,0.024001068970535357,0.24648407148407148,0.06933530324141404,0.10208333333333333,0.038273277230987154,0.20833333333333334,0.05311478659992484,0.4166666666666667,0.09660019266141358,0.1875,0.07654655446197431
nl_exact,25,50,3,0.21875,0.24340253011558172,0.6875,0.142064392676936,0.018880208333333332,0.007190990245564623,0.0390625,0.0235996991671769,0.016927083333333332,0.009743899444723805,0.03680555555555556,0.013663536368021527,0.07439236111111111,0.042854347563942366,0.03298611111111111,0.018703324104600454,0.07008356227106227,0.02484169660499691,0.13669871794871793,0.0723405494825769,0.0627918956043956,0.03462114448652146,0.12807158119658119,0.04229172098283332,0.2388281857031857,0.1106043767568074,0.11487713675213675,0.060392302118256885,0.21875,0.06750771560841522,0.3854166666666667,0.14950729265007628,0.19791666666666666,0.09660019266141358
