model,x,benchmark,score
0.8b,0,PW d0,27.00
0.8b,0,PW d1,24.40
0.8b,0,PW d2,38.40
0.8b,0,PW d3,43.60
0.8b,0,PW d5,48.00
0.8b,0,PW CoT d0,14.40
0.8b,0,PW CoT d1,15.40
0.8b,0,PW CoT d2,16.80
0.8b,0,PW CoT d3,16.00
0.8b,0,PW CoT d5,12.60
0.8b,0,FOLIO,38.92
0.8b,0,BBH (all),47.91
0.8b,0,BBH chain-8,48.10
0.8b,0,BBH other,47.83
0.8b,0,BBH web_of_lies,100.00
0.8b,0,BBH tracking_shuffled_objects_three_objects,38.00
0.8b,0,BBH tracking_shuffled_objects_five_objects,26.00
0.8b,0,BBH tracking_shuffled_objects_seven_objects,17.60
0.8b,0,BBH logical_deduction_three_objects,67.20
0.8b,0,BBH logical_deduction_five_objects,46.00
0.8b,0,BBH logical_deduction_seven_objects,39.60
0.8b,0,BBH formal_fallacies,50.40
0.8b,0,HotpotQA,44.25
0.8b,0,2WikiMQA,29.59
0.8b,0,MuSiQue,19.62
0.8b,0,GPQA-Diamond,30.30
0.8b,0,GPQA-quant,31.51
0.8b,0,GPQA-rest,29.60
0.8b,0,gsm8k,45.26
0.8b,0,mmlu,41.99
0.8b,0,arc_challenge,38.65
0.8b,0,agieval_logiqa_en,32.26
0.8b,0,hellaswag,51.47
0.8b,0,piqa,71.22
0.8b,0,winogrande,58.01
0.8b,0,humaneval,21.34
0.8b,0,mbpp,24.40
0.8b,5,PW d0,26.60
0.8b,5,PW d1,24.40
0.8b,5,PW d2,38.00
0.8b,5,PW d3,42.80
0.8b,5,PW d5,48.00
0.8b,5,PW CoT d0,13.40
0.8b,5,PW CoT d1,16.40
0.8b,5,PW CoT d2,14.60
0.8b,5,PW CoT d3,15.00
0.8b,5,PW CoT d5,13.40
0.8b,5,FOLIO,37.44
0.8b,5,BBH (all),48.44
0.8b,5,BBH chain-8,47.35
0.8b,5,BBH other,48.90
0.8b,5,BBH web_of_lies,100.00
0.8b,5,BBH tracking_shuffled_objects_three_objects,37.20
0.8b,5,BBH tracking_shuffled_objects_five_objects,20.40
0.8b,5,BBH tracking_shuffled_objects_seven_objects,20.80
0.8b,5,BBH logical_deduction_three_objects,69.60
0.8b,5,BBH logical_deduction_five_objects,46.80
0.8b,5,BBH logical_deduction_seven_objects,37.60
0.8b,5,BBH formal_fallacies,46.40
0.8b,5,HotpotQA,44.59
0.8b,5,2WikiMQA,28.30
0.8b,5,MuSiQue,19.64
0.8b,5,GPQA-Diamond,32.83
0.8b,5,GPQA-quant,32.88
0.8b,5,GPQA-rest,32.80
0.8b,5,gsm8k,43.37
0.8b,5,mmlu,40.89
0.8b,5,arc_challenge,38.48
0.8b,5,agieval_logiqa_en,30.88
0.8b,5,hellaswag,51.31
0.8b,5,piqa,71.11
0.8b,5,winogrande,57.77
0.8b,5,humaneval,21.95
0.8b,5,mbpp,24.60
0.8b,10,PW d0,26.80
0.8b,10,PW d1,24.40
0.8b,10,PW d2,38.00
0.8b,10,PW d3,43.00
0.8b,10,PW d5,48.00
0.8b,10,PW CoT d0,14.80
0.8b,10,PW CoT d1,14.60
0.8b,10,PW CoT d2,15.40
0.8b,10,PW CoT d3,17.00
0.8b,10,PW CoT d5,13.20
0.8b,10,FOLIO,37.93
0.8b,10,BBH (all),48.67
0.8b,10,BBH chain-8,47.75
0.8b,10,BBH other,49.06
0.8b,10,BBH web_of_lies,100.00
0.8b,10,BBH tracking_shuffled_objects_three_objects,38.40
0.8b,10,BBH tracking_shuffled_objects_five_objects,22.80
0.8b,10,BBH tracking_shuffled_objects_seven_objects,21.20
0.8b,10,BBH logical_deduction_three_objects,68.00
0.8b,10,BBH logical_deduction_five_objects,46.40
0.8b,10,BBH logical_deduction_seven_objects,38.40
0.8b,10,BBH formal_fallacies,46.80
0.8b,10,HotpotQA,44.99
0.8b,10,2WikiMQA,28.64
0.8b,10,MuSiQue,18.23
0.8b,10,GPQA-Diamond,33.33
0.8b,10,GPQA-quant,32.88
0.8b,10,GPQA-rest,33.60
0.8b,10,gsm8k,41.24
0.8b,10,mmlu,41.18
0.8b,10,arc_challenge,38.74
0.8b,10,agieval_logiqa_en,29.95
0.8b,10,hellaswag,51.51
0.8b,10,piqa,71.16
0.8b,10,winogrande,56.75
0.8b,10,humaneval,20.73
0.8b,10,mbpp,24.40
0.8b,15,PW d0,26.60
0.8b,15,PW d1,24.40
0.8b,15,PW d2,38.00
0.8b,15,PW d3,42.80
0.8b,15,PW d5,48.00
0.8b,15,PW CoT d0,10.80
0.8b,15,PW CoT d1,15.60
0.8b,15,PW CoT d2,14.60
0.8b,15,PW CoT d3,12.20
0.8b,15,PW CoT d5,11.20
0.8b,15,FOLIO,38.42
0.8b,15,BBH (all),48.58
0.8b,15,BBH chain-8,46.80
0.8b,15,BBH other,49.32
0.8b,15,BBH web_of_lies,100.00
0.8b,15,BBH tracking_shuffled_objects_three_objects,37.20
0.8b,15,BBH tracking_shuffled_objects_five_objects,23.20
0.8b,15,BBH tracking_shuffled_objects_seven_objects,21.60
0.8b,15,BBH logical_deduction_three_objects,66.80
0.8b,15,BBH logical_deduction_five_objects,43.20
0.8b,15,BBH logical_deduction_seven_objects,37.20
0.8b,15,BBH formal_fallacies,45.20
0.8b,15,HotpotQA,45.05
0.8b,15,2WikiMQA,28.89
0.8b,15,MuSiQue,19.10
0.8b,15,GPQA-Diamond,30.81
0.8b,15,GPQA-quant,27.40
0.8b,15,GPQA-rest,32.80
0.8b,15,gsm8k,45.19
0.8b,15,mmlu,41.27
0.8b,15,arc_challenge,38.31
0.8b,15,agieval_logiqa_en,30.72
0.8b,15,hellaswag,51.37
0.8b,15,piqa,71.16
0.8b,15,winogrande,58.33
0.8b,15,humaneval,20.12
0.8b,15,mbpp,24.80
0.8b,20,PW d0,26.60
0.8b,20,PW d1,24.40
0.8b,20,PW d2,38.00
0.8b,20,PW d3,42.80
0.8b,20,PW d5,48.00
0.8b,20,PW CoT d0,15.60
0.8b,20,PW CoT d1,18.80
0.8b,20,PW CoT d2,16.60
0.8b,20,PW CoT d3,15.40
0.8b,20,PW CoT d5,16.60
0.8b,20,FOLIO,37.93
0.8b,20,BBH (all),48.61
0.8b,20,BBH chain-8,47.75
0.8b,20,BBH other,48.97
0.8b,20,BBH web_of_lies,100.00
0.8b,20,BBH tracking_shuffled_objects_three_objects,37.20
0.8b,20,BBH tracking_shuffled_objects_five_objects,22.80
0.8b,20,BBH tracking_shuffled_objects_seven_objects,20.40
0.8b,20,BBH logical_deduction_three_objects,68.00
0.8b,20,BBH logical_deduction_five_objects,48.40
0.8b,20,BBH logical_deduction_seven_objects,38.00
0.8b,20,BBH formal_fallacies,47.20
0.8b,20,HotpotQA,44.75
0.8b,20,2WikiMQA,27.57
0.8b,20,MuSiQue,19.46
0.8b,20,GPQA-Diamond,28.79
0.8b,20,GPQA-quant,27.40
0.8b,20,GPQA-rest,29.60
0.8b,20,gsm8k,39.95
0.8b,20,mmlu,41.28
0.8b,20,arc_challenge,38.65
0.8b,20,agieval_logiqa_en,30.41
0.8b,20,hellaswag,51.17
0.8b,20,piqa,70.89
0.8b,20,winogrande,57.93
0.8b,20,humaneval,19.51
0.8b,20,mbpp,23.60
0.8b,25,PW d0,26.40
0.8b,25,PW d1,24.40
0.8b,25,PW d2,38.00
0.8b,25,PW d3,42.80
0.8b,25,PW d5,48.00
0.8b,25,PW CoT d0,12.60
0.8b,25,PW CoT d1,16.80
0.8b,25,PW CoT d2,14.00
0.8b,25,PW CoT d3,13.40
0.8b,25,PW CoT d5,15.60
0.8b,25,FOLIO,37.93
0.8b,25,BBH (all),48.99
0.8b,25,BBH chain-8,48.45
0.8b,25,BBH other,49.22
0.8b,25,BBH web_of_lies,100.00
0.8b,25,BBH tracking_shuffled_objects_three_objects,38.40
0.8b,25,BBH tracking_shuffled_objects_five_objects,23.60
0.8b,25,BBH tracking_shuffled_objects_seven_objects,21.20
0.8b,25,BBH logical_deduction_three_objects,70.00
0.8b,25,BBH logical_deduction_five_objects,44.80
0.8b,25,BBH logical_deduction_seven_objects,39.20
0.8b,25,BBH formal_fallacies,50.40
0.8b,25,HotpotQA,44.98
0.8b,25,2WikiMQA,28.91
0.8b,25,MuSiQue,18.52
0.8b,25,GPQA-Diamond,22.22
0.8b,25,GPQA-quant,23.29
0.8b,25,GPQA-rest,21.60
0.8b,25,gsm8k,40.79
0.8b,25,mmlu,40.53
0.8b,25,arc_challenge,38.99
0.8b,25,agieval_logiqa_en,30.57
0.8b,25,hellaswag,51.30
0.8b,25,piqa,70.78
0.8b,25,winogrande,59.27
0.8b,25,humaneval,20.12
0.8b,25,mbpp,24.00
0.8b,30,PW d0,26.60
0.8b,30,PW d1,24.40
0.8b,30,PW d2,38.00
0.8b,30,PW d3,43.00
0.8b,30,PW d5,48.00
0.8b,30,PW CoT d0,15.00
0.8b,30,PW CoT d1,18.80
0.8b,30,PW CoT d2,15.40
0.8b,30,PW CoT d3,15.00
0.8b,30,PW CoT d5,16.40
0.8b,30,FOLIO,37.44
0.8b,30,BBH (all),48.99
0.8b,30,BBH chain-8,47.70
0.8b,30,BBH other,49.53
0.8b,30,BBH web_of_lies,100.00
0.8b,30,BBH tracking_shuffled_objects_three_objects,36.80
0.8b,30,BBH tracking_shuffled_objects_five_objects,24.40
0.8b,30,BBH tracking_shuffled_objects_seven_objects,18.40
0.8b,30,BBH logical_deduction_three_objects,67.20
0.8b,30,BBH logical_deduction_five_objects,46.00
0.8b,30,BBH logical_deduction_seven_objects,41.20
0.8b,30,BBH formal_fallacies,47.60
0.8b,30,HotpotQA,45.40
0.8b,30,2WikiMQA,28.91
0.8b,30,MuSiQue,18.68
0.8b,30,GPQA-Diamond,29.29
0.8b,30,GPQA-quant,24.66
0.8b,30,GPQA-rest,32.00
0.8b,30,gsm8k,39.88
0.8b,30,mmlu,39.57
0.8b,30,arc_challenge,38.57
0.8b,30,agieval_logiqa_en,30.72
0.8b,30,hellaswag,51.10
0.8b,30,piqa,70.46
0.8b,30,winogrande,57.30
0.8b,30,humaneval,20.73
0.8b,30,mbpp,24.80
0.8b,35,PW d0,26.40
0.8b,35,PW d1,24.40
0.8b,35,PW d2,38.00
0.8b,35,PW d3,42.80
0.8b,35,PW d5,48.00
0.8b,35,PW CoT d0,12.20
0.8b,35,PW CoT d1,14.80
0.8b,35,PW CoT d2,14.80
0.8b,35,PW CoT d3,14.20
0.8b,35,PW CoT d5,13.20
0.8b,35,FOLIO,37.93
0.8b,35,BBH (all),49.04
0.8b,35,BBH chain-8,48.20
0.8b,35,BBH other,49.40
0.8b,35,BBH web_of_lies,100.00
0.8b,35,BBH tracking_shuffled_objects_three_objects,39.60
0.8b,35,BBH tracking_shuffled_objects_five_objects,23.20
0.8b,35,BBH tracking_shuffled_objects_seven_objects,22.40
0.8b,35,BBH logical_deduction_three_objects,68.00
0.8b,35,BBH logical_deduction_five_objects,42.80
0.8b,35,BBH logical_deduction_seven_objects,41.20
0.8b,35,BBH formal_fallacies,48.40
0.8b,35,HotpotQA,44.84
0.8b,35,2WikiMQA,28.89
0.8b,35,MuSiQue,19.48
0.8b,35,GPQA-Diamond,31.82
0.8b,35,GPQA-quant,34.25
0.8b,35,GPQA-rest,30.40
0.8b,35,gsm8k,40.94
0.8b,35,mmlu,39.77
0.8b,35,arc_challenge,38.48
0.8b,35,agieval_logiqa_en,30.57
0.8b,35,hellaswag,51.12
0.8b,35,piqa,70.95
0.8b,35,winogrande,57.70
0.8b,35,humaneval,20.12
0.8b,35,mbpp,24.40
0.8b,40,PW d0,26.60
0.8b,40,PW d1,24.40
0.8b,40,PW d2,38.20
0.8b,40,PW d3,43.00
0.8b,40,PW d5,48.00
0.8b,40,PW CoT d0,14.20
0.8b,40,PW CoT d1,18.60
0.8b,40,PW CoT d2,14.20
0.8b,40,PW CoT d3,13.60
0.8b,40,PW CoT d5,13.60
0.8b,40,FOLIO,37.44
0.8b,40,BBH (all),48.36
0.8b,40,BBH chain-8,47.55
0.8b,40,BBH other,48.70
0.8b,40,BBH web_of_lies,100.00
0.8b,40,BBH tracking_shuffled_objects_three_objects,34.80
0.8b,40,BBH tracking_shuffled_objects_five_objects,21.20
0.8b,40,BBH tracking_shuffled_objects_seven_objects,22.80
0.8b,40,BBH logical_deduction_three_objects,70.40
0.8b,40,BBH logical_deduction_five_objects,42.80
0.8b,40,BBH logical_deduction_seven_objects,41.60
0.8b,40,BBH formal_fallacies,46.80
0.8b,40,HotpotQA,43.17
0.8b,40,2WikiMQA,28.91
0.8b,40,MuSiQue,19.41
0.8b,40,GPQA-Diamond,31.82
0.8b,40,GPQA-quant,30.14
0.8b,40,GPQA-rest,32.80
0.8b,40,gsm8k,36.77
0.8b,40,mmlu,39.76
0.8b,40,arc_challenge,39.16
0.8b,40,agieval_logiqa_en,30.26
0.8b,40,hellaswag,51.13
0.8b,40,piqa,70.46
0.8b,40,winogrande,57.77
0.8b,40,humaneval,21.95
0.8b,40,mbpp,23.00
0.8b,45,PW d0,26.40
0.8b,45,PW d1,24.40
0.8b,45,PW d2,38.20
0.8b,45,PW d3,43.00
0.8b,45,PW d5,48.00
0.8b,45,PW CoT d0,12.20
0.8b,45,PW CoT d1,15.80
0.8b,45,PW CoT d2,15.40
0.8b,45,PW CoT d3,12.60
0.8b,45,PW CoT d5,12.00
0.8b,45,FOLIO,37.93
0.8b,45,BBH (all),48.64
0.8b,45,BBH chain-8,47.95
0.8b,45,BBH other,48.93
0.8b,45,BBH web_of_lies,100.00
0.8b,45,BBH tracking_shuffled_objects_three_objects,36.40
0.8b,45,BBH tracking_shuffled_objects_five_objects,22.40
0.8b,45,BBH tracking_shuffled_objects_seven_objects,20.40
0.8b,45,BBH logical_deduction_three_objects,70.00
0.8b,45,BBH logical_deduction_five_objects,44.00
0.8b,45,BBH logical_deduction_seven_objects,42.00
0.8b,45,BBH formal_fallacies,48.40
0.8b,45,HotpotQA,43.67
0.8b,45,2WikiMQA,29.31
0.8b,45,MuSiQue,19.94
0.8b,45,GPQA-Diamond,29.80
0.8b,45,GPQA-quant,26.03
0.8b,45,GPQA-rest,32.00
0.8b,45,gsm8k,36.01
0.8b,45,mmlu,38.66
0.8b,45,arc_challenge,39.08
0.8b,45,agieval_logiqa_en,30.41
0.8b,45,hellaswag,51.20
0.8b,45,piqa,70.84
0.8b,45,winogrande,57.70
0.8b,45,humaneval,21.34
0.8b,45,mbpp,23.00
0.8b,50,PW d0,26.60
0.8b,50,PW d1,24.40
0.8b,50,PW d2,38.20
0.8b,50,PW d3,42.80
0.8b,50,PW d5,48.00
0.8b,50,PW CoT d0,12.80
0.8b,50,PW CoT d1,16.20
0.8b,50,PW CoT d2,14.40
0.8b,50,PW CoT d3,12.80
0.8b,50,PW CoT d5,13.00
0.8b,50,FOLIO,38.92
0.8b,50,BBH (all),48.36
0.8b,50,BBH chain-8,47.70
0.8b,50,BBH other,48.63
0.8b,50,BBH web_of_lies,100.00
0.8b,50,BBH tracking_shuffled_objects_three_objects,38.80
0.8b,50,BBH tracking_shuffled_objects_five_objects,22.80
0.8b,50,BBH tracking_shuffled_objects_seven_objects,20.80
0.8b,50,BBH logical_deduction_three_objects,67.60
0.8b,50,BBH logical_deduction_five_objects,44.80
0.8b,50,BBH logical_deduction_seven_objects,40.00
0.8b,50,BBH formal_fallacies,46.80
0.8b,50,HotpotQA,42.52
0.8b,50,2WikiMQA,29.23
0.8b,50,MuSiQue,19.32
0.8b,50,GPQA-Diamond,26.77
0.8b,50,GPQA-quant,26.03
0.8b,50,GPQA-rest,27.20
0.8b,50,gsm8k,34.12
0.8b,50,mmlu,38.31
0.8b,50,arc_challenge,38.48
0.8b,50,agieval_logiqa_en,29.65
0.8b,50,hellaswag,51.21
0.8b,50,piqa,70.84
0.8b,50,winogrande,58.09
0.8b,50,humaneval,21.34
0.8b,50,mbpp,23.80
0.8b-fp32m,0,PW d0,39.80
0.8b-fp32m,0,PW d1,38.60
0.8b-fp32m,0,PW d2,57.80
0.8b-fp32m,0,PW d3,59.40
0.8b-fp32m,0,PW d5,63.00
0.8b-fp32m,25,PW d0,39.40
0.8b-fp32m,25,PW d1,32.00
0.8b-fp32m,25,PW d2,46.80
0.8b-fp32m,25,PW d3,48.80
0.8b-fp32m,25,PW d5,53.20
0.8b-fp32m,25,PW CoT d0,25.60
0.8b-fp32m,25,PW CoT d1,25.20
0.8b-fp32m,25,PW CoT d2,29.20
0.8b-fp32m,25,PW CoT d3,31.80
0.8b-fp32m,25,PW CoT d5,29.00
2b,0,PW d0,39.60
2b,0,PW d1,30.00
2b,0,PW d2,42.60
2b,0,PW d3,48.80
2b,0,PW d5,50.60
2b,0,PW CoT d0,38.20
2b,0,PW CoT d1,33.60
2b,0,PW CoT d2,34.40
2b,0,PW CoT d3,34.40
2b,0,PW CoT d5,31.00
2b,0,FOLIO,45.32
2b,0,BBH (all),65.23
2b,0,BBH chain-8,66.40
2b,0,BBH other,64.74
2b,0,BBH web_of_lies,100.00
2b,0,BBH tracking_shuffled_objects_three_objects,73.20
2b,0,BBH tracking_shuffled_objects_five_objects,78.40
2b,0,BBH tracking_shuffled_objects_seven_objects,72.00
2b,0,BBH logical_deduction_three_objects,83.20
2b,0,BBH logical_deduction_five_objects,46.40
2b,0,BBH logical_deduction_seven_objects,28.00
2b,0,BBH formal_fallacies,50.00
2b,0,HotpotQA,47.93
2b,0,2WikiMQA,35.69
2b,0,MuSiQue,26.75
2b,0,GPQA-Diamond,36.87
2b,0,GPQA-quant,36.99
2b,0,GPQA-rest,36.80
2b,0,gsm8k,66.26
2b,0,mmlu,59.09
2b,0,arc_challenge,48.46
2b,0,agieval_logiqa_en,35.64
2b,0,hellaswag,61.46
2b,0,piqa,75.19
2b,0,winogrande,60.54
2b,0,humaneval,34.76
2b,0,mbpp,34.60
2b,5,PW d0,35.60
2b,5,PW d1,26.20
2b,5,PW d2,40.00
2b,5,PW d3,45.40
2b,5,PW d5,48.00
2b,5,PW CoT d0,46.40
2b,5,PW CoT d1,40.40
2b,5,PW CoT d2,39.20
2b,5,PW CoT d3,37.40
2b,5,PW CoT d5,42.20
2b,5,FOLIO,42.36
2b,5,BBH (all),65.33
2b,5,BBH chain-8,65.25
2b,5,BBH other,65.36
2b,5,BBH web_of_lies,100.00
2b,5,BBH tracking_shuffled_objects_three_objects,74.40
2b,5,BBH tracking_shuffled_objects_five_objects,78.80
2b,5,BBH tracking_shuffled_objects_seven_objects,72.40
2b,5,BBH logical_deduction_three_objects,80.40
2b,5,BBH logical_deduction_five_objects,41.20
2b,5,BBH logical_deduction_seven_objects,26.00
2b,5,BBH formal_fallacies,48.80
2b,5,HotpotQA,47.48
2b,5,2WikiMQA,35.98
2b,5,MuSiQue,26.56
2b,5,GPQA-Diamond,39.39
2b,5,GPQA-quant,42.47
2b,5,GPQA-rest,37.60
2b,5,gsm8k,66.49
2b,5,mmlu,59.00
2b,5,arc_challenge,48.21
2b,5,agieval_logiqa_en,34.56
2b,5,hellaswag,61.30
2b,5,piqa,75.19
2b,5,winogrande,60.93
2b,5,humaneval,35.98
2b,5,mbpp,35.00
2b,10,PW d0,40.00
2b,10,PW d1,27.80
2b,10,PW d2,41.00
2b,10,PW d3,46.20
2b,10,PW d5,47.80
2b,10,PW CoT d0,49.20
2b,10,PW CoT d1,38.60
2b,10,PW CoT d2,41.00
2b,10,PW CoT d3,37.40
2b,10,PW CoT d5,32.20
2b,10,FOLIO,43.35
2b,10,BBH (all),65.48
2b,10,BBH chain-8,65.70
2b,10,BBH other,65.38
2b,10,BBH web_of_lies,100.00
2b,10,BBH tracking_shuffled_objects_three_objects,72.40
2b,10,BBH tracking_shuffled_objects_five_objects,77.60
2b,10,BBH tracking_shuffled_objects_seven_objects,72.00
2b,10,BBH logical_deduction_three_objects,80.80
2b,10,BBH logical_deduction_five_objects,44.40
2b,10,BBH logical_deduction_seven_objects,29.20
2b,10,BBH formal_fallacies,49.20
2b,10,HotpotQA,46.85
2b,10,2WikiMQA,35.84
2b,10,MuSiQue,27.02
2b,10,GPQA-Diamond,35.35
2b,10,GPQA-quant,32.88
2b,10,GPQA-rest,36.80
2b,10,gsm8k,67.93
2b,10,mmlu,59.31
2b,10,arc_challenge,48.55
2b,10,agieval_logiqa_en,35.18
2b,10,hellaswag,61.47
2b,10,piqa,75.30
2b,10,winogrande,59.35
2b,10,humaneval,34.76
2b,10,mbpp,35.60
2b,15,PW d0,38.60
2b,15,PW d1,26.80
2b,15,PW d2,40.40
2b,15,PW d3,45.40
2b,15,PW d5,48.40
2b,15,PW CoT d0,45.80
2b,15,PW CoT d1,39.40
2b,15,PW CoT d2,40.80
2b,15,PW CoT d3,41.40
2b,15,PW CoT d5,36.40
2b,15,FOLIO,42.86
2b,15,BBH (all),65.12
2b,15,BBH chain-8,65.70
2b,15,BBH other,64.87
2b,15,BBH web_of_lies,100.00
2b,15,BBH tracking_shuffled_objects_three_objects,72.80
2b,15,BBH tracking_shuffled_objects_five_objects,78.00
2b,15,BBH tracking_shuffled_objects_seven_objects,73.60
2b,15,BBH logical_deduction_three_objects,80.40
2b,15,BBH logical_deduction_five_objects,43.20
2b,15,BBH logical_deduction_seven_objects,28.40
2b,15,BBH formal_fallacies,49.20
2b,15,HotpotQA,47.44
2b,15,2WikiMQA,34.98
2b,15,MuSiQue,26.87
2b,15,GPQA-Diamond,34.85
2b,15,GPQA-quant,32.88
2b,15,GPQA-rest,36.00
2b,15,gsm8k,66.57
2b,15,mmlu,59.34
2b,15,arc_challenge,48.21
2b,15,agieval_logiqa_en,35.48
2b,15,hellaswag,61.18
2b,15,piqa,75.30
2b,15,winogrande,60.22
2b,15,humaneval,34.76
2b,15,mbpp,35.20
2b,25,PW d0,36.60
2b,25,PW d1,26.20
2b,25,PW d2,39.80
2b,25,PW d3,46.00
2b,25,PW d5,48.40
2b,25,PW CoT d0,46.60
2b,25,PW CoT d1,38.60
2b,25,PW CoT d2,45.20
2b,25,PW CoT d3,42.80
2b,25,PW CoT d5,42.60
2b,25,FOLIO,43.84
2b,25,BBH (all),65.21
2b,25,BBH chain-8,64.85
2b,25,BBH other,65.37
2b,25,BBH web_of_lies,100.00
2b,25,BBH tracking_shuffled_objects_three_objects,73.60
2b,25,BBH tracking_shuffled_objects_five_objects,78.80
2b,25,BBH tracking_shuffled_objects_seven_objects,74.40
2b,25,BBH logical_deduction_three_objects,80.40
2b,25,BBH logical_deduction_five_objects,36.80
2b,25,BBH logical_deduction_seven_objects,24.80
2b,25,BBH formal_fallacies,50.00
2b,25,HotpotQA,45.77
2b,25,2WikiMQA,34.60
2b,25,MuSiQue,26.51
2b,25,GPQA-Diamond,36.87
2b,25,GPQA-quant,32.88
2b,25,GPQA-rest,39.20
2b,25,gsm8k,67.63
2b,25,mmlu,59.24
2b,25,arc_challenge,48.04
2b,25,agieval_logiqa_en,35.79
2b,25,hellaswag,61.12
2b,25,piqa,75.19
2b,25,winogrande,60.14
2b,25,humaneval,34.76
2b,25,mbpp,35.60
2b,30,PW d0,42.80
2b,30,PW d1,28.60
2b,30,PW d2,40.80
2b,30,PW d3,46.20
2b,30,PW d5,47.00
2b,30,PW CoT d0,49.20
2b,30,PW CoT d1,42.60
2b,30,PW CoT d2,44.00
2b,30,PW CoT d3,42.00
2b,30,PW CoT d5,41.20
2b,30,FOLIO,44.83
2b,30,BBH (all),64.76
2b,30,BBH chain-8,63.95
2b,30,BBH other,65.09
2b,30,BBH web_of_lies,100.00
2b,30,BBH tracking_shuffled_objects_three_objects,74.00
2b,30,BBH tracking_shuffled_objects_five_objects,78.00
2b,30,BBH tracking_shuffled_objects_seven_objects,73.20
2b,30,BBH logical_deduction_three_objects,78.00
2b,30,BBH logical_deduction_five_objects,38.00
2b,30,BBH logical_deduction_seven_objects,23.20
2b,30,BBH formal_fallacies,47.20
2b,30,HotpotQA,46.57
2b,30,2WikiMQA,33.56
2b,30,MuSiQue,26.76
2b,30,GPQA-Diamond,34.85
2b,30,GPQA-quant,26.03
2b,30,GPQA-rest,40.00
2b,30,gsm8k,67.17
2b,30,mmlu,59.41
2b,30,arc_challenge,47.18
2b,30,agieval_logiqa_en,35.79
2b,30,hellaswag,61.09
2b,30,piqa,75.14
2b,30,winogrande,60.62
2b,30,humaneval,33.54
2b,30,mbpp,34.20
2b,35,PW d0,39.00
2b,35,PW d1,27.00
2b,35,PW d2,40.00
2b,35,PW d3,45.80
2b,35,PW d5,48.00
2b,35,PW CoT d0,48.40
2b,35,PW CoT d1,42.20
2b,35,PW CoT d2,46.40
2b,35,PW CoT d3,45.20
2b,35,PW CoT d5,42.40
2b,35,FOLIO,43.84
2b,35,BBH (all),65.40
2b,35,BBH chain-8,64.90
2b,35,BBH other,65.61
2b,35,BBH web_of_lies,100.00
2b,35,BBH tracking_shuffled_objects_three_objects,74.40
2b,35,BBH tracking_shuffled_objects_five_objects,78.00
2b,35,BBH tracking_shuffled_objects_seven_objects,75.60
2b,35,BBH logical_deduction_three_objects,78.00
2b,35,BBH logical_deduction_five_objects,37.20
2b,35,BBH logical_deduction_seven_objects,25.20
2b,35,BBH formal_fallacies,50.80
2b,35,HotpotQA,46.52
2b,35,2WikiMQA,33.04
2b,35,MuSiQue,26.03
2b,35,GPQA-Diamond,38.38
2b,35,GPQA-quant,35.62
2b,35,GPQA-rest,40.00
2b,35,gsm8k,67.10
2b,35,mmlu,59.21
2b,35,arc_challenge,47.53
2b,35,agieval_logiqa_en,34.72
2b,35,hellaswag,61.09
2b,35,piqa,75.14
2b,35,winogrande,60.46
2b,35,humaneval,33.54
2b,35,mbpp,35.00
2b,40,PW d0,36.00
2b,40,PW d1,26.00
2b,40,PW d2,39.40
2b,40,PW d3,45.20
2b,40,PW d5,48.40
2b,40,PW CoT d0,47.80
2b,40,PW CoT d1,42.60
2b,40,PW CoT d2,47.80
2b,40,PW CoT d3,47.80
2b,40,PW CoT d5,44.20
2b,40,FOLIO,43.35
2b,40,BBH (all),64.60
2b,40,BBH chain-8,63.15
2b,40,BBH other,65.22
2b,40,BBH web_of_lies,100.00
2b,40,BBH tracking_shuffled_objects_three_objects,72.80
2b,40,BBH tracking_shuffled_objects_five_objects,80.00
2b,40,BBH tracking_shuffled_objects_seven_objects,74.00
2b,40,BBH logical_deduction_three_objects,75.60
2b,40,BBH logical_deduction_five_objects,31.60
2b,40,BBH logical_deduction_seven_objects,23.60
2b,40,BBH formal_fallacies,47.60
2b,40,HotpotQA,45.23
2b,40,2WikiMQA,34.57
2b,40,MuSiQue,26.20
2b,40,GPQA-Diamond,34.85
2b,40,GPQA-quant,31.51
2b,40,GPQA-rest,36.80
2b,40,gsm8k,66.79
2b,40,mmlu,59.17
2b,40,arc_challenge,46.76
2b,40,agieval_logiqa_en,35.18
2b,40,hellaswag,61.22
2b,40,piqa,75.14
2b,40,winogrande,60.30
2b,40,humaneval,34.15
2b,40,mbpp,33.80
2b,45,PW d0,33.00
2b,45,PW d1,25.60
2b,45,PW d2,38.80
2b,45,PW d3,44.40
2b,45,PW d5,48.60
2b,45,PW CoT d0,52.20
2b,45,PW CoT d1,42.20
2b,45,PW CoT d2,45.40
2b,45,PW CoT d3,46.60
2b,45,PW CoT d5,44.00
2b,45,FOLIO,42.86
2b,45,BBH (all),64.41
2b,45,BBH chain-8,63.40
2b,45,BBH other,64.84
2b,45,BBH web_of_lies,100.00
2b,45,BBH tracking_shuffled_objects_three_objects,74.40
2b,45,BBH tracking_shuffled_objects_five_objects,78.80
2b,45,BBH tracking_shuffled_objects_seven_objects,73.60
2b,45,BBH logical_deduction_three_objects,78.80
2b,45,BBH logical_deduction_five_objects,29.60
2b,45,BBH logical_deduction_seven_objects,20.00
2b,45,BBH formal_fallacies,52.00
2b,45,HotpotQA,46.57
2b,45,2WikiMQA,34.72
2b,45,MuSiQue,25.89
2b,45,GPQA-Diamond,34.34
2b,45,GPQA-quant,32.88
2b,45,GPQA-rest,35.20
2b,45,gsm8k,67.32
2b,45,mmlu,59.15
2b,45,arc_challenge,47.27
2b,45,agieval_logiqa_en,33.33
2b,45,hellaswag,61.10
2b,45,piqa,75.19
2b,45,winogrande,60.93
2b,45,humaneval,35.37
2b,45,mbpp,35.20
2b,50,PW d0,33.00
2b,50,PW d1,24.80
2b,50,PW d2,38.80
2b,50,PW d3,45.00
2b,50,PW d5,48.40
2b,50,PW CoT d0,54.60
2b,50,PW CoT d1,47.00
2b,50,PW CoT d2,48.20
2b,50,PW CoT d3,51.20
2b,50,PW CoT d5,45.20
2b,50,FOLIO,44.33
2b,50,BBH (all),64.98
2b,50,BBH chain-8,64.25
2b,50,BBH other,65.28
2b,50,BBH web_of_lies,100.00
2b,50,BBH tracking_shuffled_objects_three_objects,76.40
2b,50,BBH tracking_shuffled_objects_five_objects,78.40
2b,50,BBH tracking_shuffled_objects_seven_objects,73.20
2b,50,BBH logical_deduction_three_objects,78.80
2b,50,BBH logical_deduction_five_objects,30.40
2b,50,BBH logical_deduction_seven_objects,24.80
2b,50,BBH formal_fallacies,52.00
2b,50,HotpotQA,47.27
2b,50,2WikiMQA,34.67
2b,50,MuSiQue,26.28
2b,50,GPQA-Diamond,33.84
2b,50,GPQA-quant,35.62
2b,50,GPQA-rest,32.80
2b,50,gsm8k,65.66
2b,50,mmlu,59.12
2b,50,arc_challenge,47.44
2b,50,agieval_logiqa_en,34.56
2b,50,hellaswag,61.19
2b,50,piqa,75.14
2b,50,winogrande,61.01
2b,50,humaneval,34.15
2b,50,mbpp,33.80
2b-fp32m,0,PW d0,54.40
2b-fp32m,0,PW d1,38.60
2b-fp32m,0,PW d2,52.80
2b-fp32m,0,PW d3,56.00
2b-fp32m,0,PW d5,54.60
2b-fp32m,0,PW CoT d0,59.20
2b-fp32m,0,PW CoT d1,47.20
2b-fp32m,0,PW CoT d2,38.40
2b-fp32m,0,PW CoT d3,33.80
2b-fp32m,0,PW CoT d5,23.40
2b-fp32m,0,FOLIO,44.33
2b-fp32m,0,BBH (all),64.93
2b-fp32m,0,BBH chain-8,63.75
2b-fp32m,0,BBH other,65.42
2b-fp32m,0,BBH web_of_lies,100.00
2b-fp32m,0,BBH tracking_shuffled_objects_three_objects,65.20
2b-fp32m,0,BBH tracking_shuffled_objects_five_objects,66.00
2b-fp32m,0,BBH tracking_shuffled_objects_seven_objects,65.20
2b-fp32m,0,BBH logical_deduction_three_objects,84.40
2b-fp32m,0,BBH logical_deduction_five_objects,45.20
2b-fp32m,0,BBH logical_deduction_seven_objects,30.00
2b-fp32m,0,BBH formal_fallacies,54.00
2b-fp32m,0,HotpotQA,49.03
2b-fp32m,0,2WikiMQA,37.88
2b-fp32m,0,MuSiQue,29.70
2b-fp32m,0,GPQA-Diamond,32.32
2b-fp32m,0,GPQA-quant,32.88
2b-fp32m,0,GPQA-rest,32.00
2b-fp32m,0,gsm8k,64.82
2b-fp32m,0,mmlu,60.19
2b-fp32m,0,arc_challenge,50.00
2b-fp32m,0,agieval_logiqa_en,36.25
2b-fp32m,0,hellaswag,62.05
2b-fp32m,0,piqa,76.22
2b-fp32m,0,winogrande,60.62
2b-fp32m,0,humaneval,35.98
2b-fp32m,0,mbpp,32.60
2b-fp32m,10,PW d0,69.60
2b-fp32m,10,PW d1,43.80
2b-fp32m,10,PW d2,52.60
2b-fp32m,10,PW d3,52.20
2b-fp32m,10,PW d5,50.40
2b-fp32m,10,PW CoT d0,68.80
2b-fp32m,10,PW CoT d1,49.20
2b-fp32m,10,PW CoT d2,47.60
2b-fp32m,10,PW CoT d3,43.80
2b-fp32m,10,PW CoT d5,31.80
2b-fp32m,10,FOLIO,50.25
2b-fp32m,10,BBH (all),66.08
2b-fp32m,10,BBH chain-8,66.15
2b-fp32m,10,BBH other,66.05
2b-fp32m,10,BBH web_of_lies,100.00
2b-fp32m,10,BBH tracking_shuffled_objects_three_objects,71.20
2b-fp32m,10,BBH tracking_shuffled_objects_five_objects,69.60
2b-fp32m,10,BBH tracking_shuffled_objects_seven_objects,70.80
2b-fp32m,10,BBH logical_deduction_three_objects,84.80
2b-fp32m,10,BBH logical_deduction_five_objects,50.40
2b-fp32m,10,BBH logical_deduction_seven_objects,28.80
2b-fp32m,10,BBH formal_fallacies,53.60
2b-fp32m,10,HotpotQA,49.42
2b-fp32m,10,2WikiMQA,37.86
2b-fp32m,10,MuSiQue,28.30
2b-fp32m,10,GPQA-Diamond,38.38
2b-fp32m,10,GPQA-quant,49.32
2b-fp32m,10,GPQA-rest,32.00
2b-fp32m,10,gsm8k,62.70
2b-fp32m,10,mmlu,60.50
2b-fp32m,10,arc_challenge,49.74
2b-fp32m,10,agieval_logiqa_en,36.25
2b-fp32m,10,hellaswag,61.96
2b-fp32m,10,piqa,75.68
2b-fp32m,10,winogrande,61.17
2b-fp32m,10,humaneval,37.80
2b-fp32m,10,mbpp,34.40
2b-fp32m,25,PW d0,66.00
2b-fp32m,25,PW d1,44.20
2b-fp32m,25,PW d2,55.00
2b-fp32m,25,PW d3,58.60
2b-fp32m,25,PW d5,53.20
2b-fp32m,25,PW CoT d0,58.00
2b-fp32m,25,PW CoT d1,51.00
2b-fp32m,25,PW CoT d2,44.60
2b-fp32m,25,PW CoT d3,47.80
2b-fp32m,25,PW CoT d5,35.20
2b-fp32m,25,FOLIO,50.74
2b-fp32m,25,BBH (all),64.64
2b-fp32m,25,BBH chain-8,63.70
2b-fp32m,25,BBH other,65.03
2b-fp32m,25,BBH web_of_lies,100.00
2b-fp32m,25,BBH tracking_shuffled_objects_three_objects,64.80
2b-fp32m,25,BBH tracking_shuffled_objects_five_objects,68.80
2b-fp32m,25,BBH tracking_shuffled_objects_seven_objects,66.40
2b-fp32m,25,BBH logical_deduction_three_objects,88.40
2b-fp32m,25,BBH logical_deduction_five_objects,44.40
2b-fp32m,25,BBH logical_deduction_seven_objects,26.00
2b-fp32m,25,BBH formal_fallacies,50.80
2b-fp32m,25,HotpotQA,49.41
2b-fp32m,25,2WikiMQA,38.02
2b-fp32m,25,MuSiQue,29.68
2b-fp32m,25,GPQA-Diamond,37.88
2b-fp32m,25,GPQA-quant,39.73
2b-fp32m,25,GPQA-rest,36.80
2b-fp32m,25,gsm8k,63.61
2b-fp32m,25,mmlu,59.83
2b-fp32m,25,arc_challenge,49.57
2b-fp32m,25,agieval_logiqa_en,36.87
2b-fp32m,25,hellaswag,62.13
2b-fp32m,25,piqa,75.73
2b-fp32m,25,winogrande,60.77
2b-fp32m,25,humaneval,39.63
2b-fp32m,25,mbpp,34.80
9b,0,PW d0,75.80
9b,0,PW d1,49.80
9b,0,PW d2,48.20
9b,0,PW d3,45.00
9b,0,PW d5,32.60
9b,0,PW CoT d0,73.60
9b,0,PW CoT d1,58.00
9b,0,PW CoT d2,51.80
9b,0,PW CoT d3,49.80
9b,0,PW CoT d5,38.80
9b,0,FOLIO,65.02
9b,0,BBH (all),84.43
9b,0,BBH chain-8,86.55
9b,0,BBH other,83.54
9b,0,BBH web_of_lies,100.00
9b,0,BBH tracking_shuffled_objects_three_objects,100.00
9b,0,BBH tracking_shuffled_objects_five_objects,99.60
9b,0,BBH tracking_shuffled_objects_seven_objects,96.80
9b,0,BBH logical_deduction_three_objects,97.60
9b,0,BBH logical_deduction_five_objects,74.40
9b,0,BBH logical_deduction_seven_objects,51.20
9b,0,BBH formal_fallacies,72.80
9b,0,HotpotQA,62.01
9b,0,2WikiMQA,56.29
9b,0,MuSiQue,45.96
9b,0,GPQA-Diamond,45.45
9b,0,GPQA-quant,42.47
9b,0,GPQA-rest,47.20
9b,0,gsm8k,86.96
9b,0,mmlu,77.99
9b,0,arc_challenge,60.92
9b,0,agieval_logiqa_en,43.01
9b,0,hellaswag,75.27
9b,0,piqa,81.39
9b,0,winogrande,71.98
9b,0,humaneval,65.24
9b,0,mbpp,63.40
9b,10,PW d0,87.40
9b,10,PW d1,59.60
9b,10,PW d2,43.80
9b,10,PW d3,37.20
9b,10,PW d5,18.20
9b,10,PW CoT d0,86.00
9b,10,PW CoT d1,67.80
9b,10,PW CoT d2,63.60
9b,10,PW CoT d3,59.60
9b,10,PW CoT d5,41.00
9b,10,FOLIO,67.00
9b,10,BBH (all),84.36
9b,10,BBH chain-8,86.10
9b,10,BBH other,83.63
9b,10,BBH web_of_lies,100.00
9b,10,BBH tracking_shuffled_objects_three_objects,100.00
9b,10,BBH tracking_shuffled_objects_five_objects,99.60
9b,10,BBH tracking_shuffled_objects_seven_objects,97.60
9b,10,BBH logical_deduction_three_objects,97.20
9b,10,BBH logical_deduction_five_objects,73.60
9b,10,BBH logical_deduction_seven_objects,54.80
9b,10,BBH formal_fallacies,66.00
9b,10,HotpotQA,63.23
9b,10,2WikiMQA,56.39
9b,10,MuSiQue,44.95
9b,10,GPQA-Diamond,50.00
9b,10,GPQA-quant,42.47
9b,10,GPQA-rest,54.40
9b,10,gsm8k,86.20
9b,10,mmlu,77.80
9b,10,arc_challenge,60.41
9b,10,agieval_logiqa_en,41.94
9b,10,hellaswag,75.25
9b,10,piqa,81.28
9b,10,winogrande,72.61
9b,10,humaneval,67.07
9b,10,mbpp,64.20
9b,25,PW d0,84.80
9b,25,PW d1,52.20
9b,25,PW d2,49.00
9b,25,PW d3,43.00
9b,25,PW d5,29.20
9b,25,PW CoT d0,87.20
9b,25,PW CoT d1,67.40
9b,25,PW CoT d2,66.00
9b,25,PW CoT d3,61.20
9b,25,PW CoT d5,46.80
9b,25,FOLIO,66.50
9b,25,BBH (all),83.76
9b,25,BBH chain-8,86.05
9b,25,BBH other,82.79
9b,25,BBH web_of_lies,100.00
9b,25,BBH tracking_shuffled_objects_three_objects,99.60
9b,25,BBH tracking_shuffled_objects_five_objects,98.80
9b,25,BBH tracking_shuffled_objects_seven_objects,97.20
9b,25,BBH logical_deduction_three_objects,97.20
9b,25,BBH logical_deduction_five_objects,74.80
9b,25,BBH logical_deduction_seven_objects,52.40
9b,25,BBH formal_fallacies,68.40
9b,25,HotpotQA,62.78
9b,25,2WikiMQA,54.27
9b,25,MuSiQue,43.81
9b,25,GPQA-Diamond,50.51
9b,25,GPQA-quant,46.58
9b,25,GPQA-rest,52.80
9b,25,gsm8k,86.28
9b,25,mmlu,77.77
9b,25,arc_challenge,61.77
9b,25,agieval_logiqa_en,41.32
9b,25,hellaswag,74.96
9b,25,piqa,80.58
9b,25,winogrande,72.61
9b,25,humaneval,69.51
9b,25,mbpp,64.40
9b,50,PW d0,80.60
9b,50,PW d1,47.00
9b,50,PW d2,40.40
9b,50,PW d3,39.60
9b,50,PW d5,24.80
9b,50,PW CoT d0,82.40
9b,50,PW CoT d1,59.60
9b,50,PW CoT d2,60.40
9b,50,PW CoT d3,56.20
9b,50,PW CoT d5,45.00
9b,50,FOLIO,64.04
9b,50,BBH (all),84.17
9b,50,BBH chain-8,85.10
9b,50,BBH other,83.77
9b,50,BBH web_of_lies,100.00
9b,50,BBH tracking_shuffled_objects_three_objects,100.00
9b,50,BBH tracking_shuffled_objects_five_objects,99.20
9b,50,BBH tracking_shuffled_objects_seven_objects,98.00
9b,50,BBH logical_deduction_three_objects,96.00
9b,50,BBH logical_deduction_five_objects,74.00
9b,50,BBH logical_deduction_seven_objects,52.00
9b,50,BBH formal_fallacies,61.60
9b,50,HotpotQA,62.41
9b,50,2WikiMQA,54.46
9b,50,MuSiQue,40.97
9b,50,GPQA-Diamond,50.00
9b,50,GPQA-quant,47.95
9b,50,GPQA-rest,51.20
9b,50,gsm8k,86.35
9b,50,mmlu,77.83
9b,50,arc_challenge,61.09
9b,50,agieval_logiqa_en,41.17
9b,50,hellaswag,75.35
9b,50,piqa,80.74
9b,50,winogrande,73.72
9b,50,humaneval,67.68
9b,50,mbpp,64.20
