model,x,n,dolci_eval_loss,faithful,grammatical,valid,answer_acc,answer_acc_lenient,given_precision,given_recall
0.8b,0,2000,1.015773057937622,0.0,0.0,0.0,0.0,0.087,,0.0
0.8b,5,2000,1.0172901153564453,0.119,0.3475,0.0265,0.3905,0.3905,0.14851288830138798,0.14095238095238094
0.8b,10,2000,1.0182236433029175,0.232,0.483,0.0715,0.501,0.5015,0.2569736339319832,0.24682539682539684
0.8b,15,2000,1.019144058227539,0.2935,0.5875,0.117,0.5755,0.5755,0.40646164094593096,0.3426984126984127
0.8b,20,2000,1.019962191581726,0.3565,0.6315,0.169,0.5925,0.5925,0.4736654381167519,0.4112698412698413
0.8b,25,2000,1.0548810958862305,0.4225,0.7075,0.2135,0.6295,0.6295,0.5810618783102959,0.4707936507936508
0.8b,30,2000,1.0227025747299194,0.4755,0.7305,0.257,0.663,0.663,0.6531864454051038,0.5055555555555555
0.8b,35,2000,1.0236414670944214,0.5195,0.785,0.292,0.6925,0.6925,0.6723604572965702,0.5442857142857143
0.8b,40,2000,1.0253278017044067,0.555,0.81,0.338,0.7095,0.7095,0.7123745819397993,0.5820634920634921
0.8b,50,2000,1.0283032655715942,0.628,0.861,0.4455,0.753,0.753,0.7667200932536792,0.6482539682539683
2b,0,2000,0.8676716685295105,0.0,0.0,0.0,0.0055,0.079,,0.0
2b,5,2000,0.8690834045410156,0.2725,0.5085,0.1175,0.618,0.618,0.37177006260671597,0.2984126984126984
2b,10,2000,0.8698897957801819,0.4145,0.662,0.2515,0.7175,0.7175,0.5398343636999884,0.45666666666666667
2b,15,2000,0.8707101345062256,0.5245,0.75,0.3415,0.7625,0.7625,0.7120844455229314,0.5622222222222222
2b,25,2000,0.8728689551353455,0.6665,0.8445,0.47,0.808,0.808,0.8077192982456141,0.6685714285714286
2b,50,2000,0.8791760802268982,0.8265,0.9315,0.675,0.8735,0.8735,0.8962373371924747,0.7958730158730158
