model,x,family,n,faithful,grammatical,valid,answer_acc,answer_acc_lenient,given_precision,given_recall
0.8b,0,agent,162,0.0,0.0,0.0,0.0,0.06172839506172839,,0.0
0.8b,0,arith,163,0.0,0.0,0.0,0.0,0.6503067484662577,,0.0
0.8b,0,change,152,0.0,0.0,0.0,0.0,0.05263157894736842,,0.0
0.8b,0,closed,111,0.0,0.0,0.0,0.0,0.036036036036036036,,0.0
0.8b,0,formal,167,0.0,0.0,0.0,0.0,0.011976047904191617,,0.0
0.8b,0,graph,92,0.0,0.0,0.0,0.0,0.0,,0.0
0.8b,0,kk,142,0.0,0.0,0.0,0.0,0.09154929577464789,,0.0
0.8b,0,laws,104,0.0,0.0,0.0,0.0,0.028846153846153848,,0.0
0.8b,0,order,95,0.0,0.0,0.0,0.0,0.0,,0.0
0.8b,0,prob,136,0.0,0.0,0.0,0.0,0.007352941176470588,,0.0
0.8b,0,quant,114,0.0,0.0,0.0,0.0,0.008771929824561403,,0.0
0.8b,0,rules,163,0.0,0.0,0.0,0.0,0.006134969325153374,,0.0
0.8b,0,sets,125,0.0,0.0,0.0,0.0,0.064,,0.0
0.8b,0,space,111,0.0,0.0,0.0,0.0,0.13513513513513514,,0.0
0.8b,0,tools,163,0.0,0.0,0.0,0.0,0.012269938650306749,,0.0
0.8b,5,agent,162,0.006172839506172839,0.24691358024691357,0.012345679012345678,0.24691358024691357,0.24691358024691357,0.029381265122709988,0.009009009009009009
0.8b,5,arith,163,0.17177914110429449,0.44785276073619634,0.07975460122699386,0.5276073619631901,0.5276073619631901,0.24885844748858446,0.4409937888198758
0.8b,5,change,152,0.0,0.375,0.006578947368421052,0.3092105263157895,0.3092105263157895,0.0,0.0
0.8b,5,closed,111,0.009009009009009009,0.18018018018018017,0.009009009009009009,0.3333333333333333,0.3333333333333333,0.10555555555555556,0.10772357723577236
0.8b,5,formal,167,0.08383233532934131,0.2634730538922156,0.059880239520958084,0.46706586826347307,0.46706586826347307,0.24921875,0.09513274336283185
0.8b,5,graph,92,0.16304347826086957,0.4891304347826087,0.021739130434782608,0.6195652173913043,0.6195652173913043,0.083248730964467,0.1794871794871795
0.8b,5,kk,142,0.035211267605633804,0.29577464788732394,0.007042253521126761,0.29577464788732394,0.29577464788732394,0.041726618705035974,0.06529209621993128
0.8b,5,laws,104,0.09615384615384616,0.40384615384615385,0.009615384615384616,0.5865384615384616,0.5865384615384616,0.18972332015810275,0.1518324607329843
0.8b,5,order,95,0.25263157894736843,0.6421052631578947,0.010526315789473684,0.5578947368421052,0.5578947368421052,0.40877598152424943,0.31092436974789917
0.8b,5,prob,136,0.125,0.25735294117647056,0.022058823529411766,0.03676470588235294,0.03676470588235294,0.19726027397260273,0.15733333333333333
0.8b,5,quant,114,0.07894736842105263,0.2631578947368421,0.02631578947368421,0.43859649122807015,0.43859649122807015,0.44477611940298506,0.2028169014084507
0.8b,5,rules,163,0.07975460122699386,0.4171779141104294,0.06134969325153374,0.5398773006134969,0.5398773006134969,0.2419648271679806,0.13347921225382933
0.8b,5,sets,125,0.096,0.304,0.016,0.4,0.4,0.15822784810126583,0.125
0.8b,5,space,111,0.08108108108108109,0.46846846846846846,0.02702702702702703,0.43243243243243246,0.43243243243243246,0.07177033492822966,0.11969111969111969
0.8b,5,tools,163,0.49079754601226994,0.294478527607362,0.0,0.2392638036809816,0.2392638036809816,0.06926406926406926,0.25
0.8b,10,agent,162,0.05555555555555555,0.4012345679012346,0.006172839506172839,0.30246913580246915,0.30246913580246915,0.024922118380062305,0.07027027027027027
0.8b,10,arith,163,0.2822085889570552,0.6012269938650306,0.1411042944785276,0.6134969325153374,0.6134969325153374,0.5493197278911565,0.5383022774327122
0.8b,10,change,152,0.0,0.2565789473684211,0.0,0.34210526315789475,0.34210526315789475,0.002211166390270868,0.009345794392523364
0.8b,10,closed,111,0.009009009009009009,0.2702702702702703,0.036036036036036036,0.4594594594594595,0.4594594594594595,0.2314165497896213,0.23373983739837398
0.8b,10,formal,167,0.20359281437125748,0.3592814371257485,0.11377245508982035,0.5688622754491018,0.5688622754491018,0.2345679012345679,0.1570796460176991
0.8b,10,graph,92,0.45652173913043476,0.4673913043478261,0.03260869565217391,0.5760869565217391,0.5760869565217391,0.7181102362204724,0.42450142450142453
0.8b,10,kk,142,0.09859154929577464,0.34507042253521125,0.0,0.352112676056338,0.352112676056338,0.2579185520361991,0.2027491408934708
0.8b,10,laws,104,0.07692307692307693,0.6057692307692307,0.038461538461538464,0.6346153846153846,0.6346153846153846,0.26200873362445415,0.15706806282722513
0.8b,10,order,95,0.3473684210526316,0.7368421052631579,0.08421052631578947,0.6210526315789474,0.6210526315789474,0.5510204081632653,0.40756302521008403
0.8b,10,prob,136,0.4632352941176471,0.5441176470588235,0.007352941176470588,0.3088235294117647,0.3088235294117647,0.5029940119760479,0.36533333333333334
0.8b,10,quant,114,0.2807017543859649,0.37719298245614036,0.03508771929824561,0.5350877192982456,0.5350877192982456,0.5113464447806354,0.4450704225352113
0.8b,10,rules,163,0.1165644171779141,0.5766871165644172,0.1165644171779141,0.5705521472392638,0.5705521472392638,0.25491803278688524,0.20787746170678337
0.8b,10,sets,125,0.12,0.576,0.12,0.56,0.56,0.3922480620155039,0.2523148148148148
0.8b,10,space,111,0.2072072072072072,0.6036036036036037,0.04504504504504504,0.5225225225225225,0.5225225225225225,0.30564784053156147,0.22007722007722008
0.8b,10,tools,163,0.7668711656441718,0.6073619631901841,0.22699386503067484,0.6319018404907976,0.6380368098159509,0.2972972972972973,0.28125
0.8b,15,agent,162,0.16049382716049382,0.7530864197530864,0.012345679012345678,0.35802469135802467,0.35802469135802467,0.38489208633093525,0.26666666666666666
0.8b,15,arith,163,0.3006134969325153,0.6380368098159509,0.1901840490797546,0.6625766871165644,0.6625766871165644,0.6648148148148149,0.6190476190476191
0.8b,15,change,152,0.0,0.375,0.013157894736842105,0.4473684210526316,0.4473684210526316,0.012,0.04205607476635514
0.8b,15,closed,111,0.11711711711711711,0.35135135135135137,0.0990990990990991,0.5675675675675675,0.5675675675675675,0.589648798521257,0.4532520325203252
0.8b,15,formal,167,0.2215568862275449,0.41317365269461076,0.16167664670658682,0.6826347305389222,0.6826347305389222,0.3119065010956903,0.23008849557522124
0.8b,15,graph,92,0.43478260869565216,0.532608695652174,0.14130434782608695,0.6739130434782609,0.6739130434782609,0.6602409638554216,0.4358974358974359
0.8b,15,kk,142,0.1267605633802817,0.47183098591549294,0.0,0.323943661971831,0.323943661971831,0.24557522123893805,0.23367697594501718
0.8b,15,laws,104,0.09615384615384616,0.7692307692307693,0.04807692307692308,0.6538461538461539,0.6538461538461539,0.2809917355371901,0.193717277486911
0.8b,15,order,95,0.43157894736842106,0.7157894736842105,0.05263157894736842,0.631578947368421,0.631578947368421,0.41118421052631576,0.47058823529411764
0.8b,15,prob,136,0.7279411764705882,0.7352941176470589,0.15441176470588236,0.45588235294117646,0.45588235294117646,0.8715083798882681,0.5733333333333334
0.8b,15,quant,114,0.3684210526315789,0.37719298245614036,0.07017543859649122,0.631578947368421,0.631578947368421,0.6392496392496393,0.5605633802816902
0.8b,15,rules,163,0.19631901840490798,0.6809815950920245,0.13496932515337423,0.6625766871165644,0.6625766871165644,0.5285868392664509,0.2658643326039387
0.8b,15,sets,125,0.128,0.592,0.096,0.64,0.64,0.5477707006369427,0.3194444444444444
0.8b,15,space,111,0.2702702702702703,0.7387387387387387,0.10810810810810811,0.6396396396396397,0.6396396396396397,0.36950146627565983,0.33976833976833976
0.8b,15,tools,163,0.8220858895705522,0.6748466257668712,0.38650306748466257,0.6809815950920245,0.6809815950920245,0.5,0.3125
0.8b,20,agent,162,0.2962962962962963,0.8395061728395061,0.11728395061728394,0.4444444444444444,0.4444444444444444,0.44646924829157175,0.4198198198198198
0.8b,20,arith,163,0.4233128834355828,0.7055214723926381,0.26380368098159507,0.6748466257668712,0.6748466257668712,0.6068642745709828,0.6728778467908902
0.8b,20,change,152,0.019736842105263157,0.34210526315789475,0.019736842105263157,0.4407894736842105,0.4407894736842105,0.05384615384615385,0.09579439252336448
0.8b,20,closed,111,0.2972972972972973,0.45045045045045046,0.12612612612612611,0.5315315315315315,0.5315315315315315,0.7212475633528265,0.5630081300813008
0.8b,20,formal,167,0.2994011976047904,0.46107784431137727,0.16766467065868262,0.6706586826347305,0.6706586826347305,0.28952205882352944,0.25663716814159293
0.8b,20,graph,92,0.4891304347826087,0.5869565217391305,0.22826086956521738,0.6304347826086957,0.6304347826086957,0.7252032520325203,0.5213675213675214
0.8b,20,kk,142,0.16901408450704225,0.5985915492957746,0.02112676056338028,0.36619718309859156,0.36619718309859156,0.41139240506329117,0.29896907216494845
0.8b,20,laws,104,0.14423076923076922,0.6538461538461539,0.09615384615384616,0.7019230769230769,0.7019230769230769,0.3389121338912134,0.2513089005235602
0.8b,20,order,95,0.4,0.7263157894736842,0.10526315789473684,0.7157894736842105,0.7157894736842105,0.6066350710900474,0.46638655462184875
0.8b,20,prob,136,0.8308823529411765,0.8382352941176471,0.2647058823529412,0.4411764705882353,0.4411764705882353,0.9102990033222591,0.672
0.8b,20,quant,114,0.38596491228070173,0.49122807017543857,0.07017543859649122,0.631578947368421,0.631578947368421,0.7186813186813187,0.6197183098591549
0.8b,20,rules,163,0.22699386503067484,0.7177914110429447,0.1901840490797546,0.7484662576687117,0.7484662576687117,0.5218884120171674,0.34573304157549234
0.8b,20,sets,125,0.168,0.552,0.128,0.664,0.664,0.5403225806451613,0.35185185185185186
0.8b,20,space,111,0.3063063063063063,0.7027027027027027,0.14414414414414414,0.6306306306306306,0.6306306306306306,0.43498817966903075,0.3783783783783784
0.8b,20,tools,163,0.852760736196319,0.754601226993865,0.49079754601226994,0.656441717791411,0.656441717791411,0.5333333333333333,0.5
0.8b,25,agent,162,0.3271604938271605,0.8209876543209876,0.1728395061728395,0.46296296296296297,0.46296296296296297,0.5967741935483871,0.46306306306306305
0.8b,25,arith,163,0.5766871165644172,0.7730061349693251,0.38650306748466257,0.7177914110429447,0.7177914110429447,0.8227060653188181,0.7412008281573499
0.8b,25,change,152,0.10526315789473684,0.5657894736842105,0.019736842105263157,0.5197368421052632,0.5197368421052632,0.14483627204030228,0.18691588785046728
0.8b,25,closed,111,0.5315315315315315,0.5495495495495496,0.2072072072072072,0.4864864864864865,0.4864864864864865,0.8333333333333334,0.6869918699186992
0.8b,25,formal,167,0.31736526946107785,0.5688622754491018,0.20958083832335328,0.8023952095808383,0.8023952095808383,0.41097424412094063,0.3274336283185841
0.8b,25,graph,92,0.5869565217391305,0.6195652173913043,0.25,0.6195652173913043,0.6195652173913043,0.8138075313807531,0.5754985754985755
0.8b,25,kk,142,0.2323943661971831,0.7464788732394366,0.014084507042253521,0.38028169014084506,0.38028169014084506,0.43597560975609756,0.3436426116838488
0.8b,25,laws,104,0.17307692307692307,0.7596153846153846,0.1346153846153846,0.7115384615384616,0.7115384615384616,0.391304347826087,0.2931937172774869
0.8b,25,order,95,0.5052631578947369,0.8,0.1368421052631579,0.7052631578947368,0.7052631578947368,0.6869158878504673,0.5294117647058824
0.8b,25,prob,136,0.8455882352941176,0.9044117647058824,0.3161764705882353,0.5147058823529411,0.5147058823529411,0.9287925696594427,0.7146666666666667
0.8b,25,quant,114,0.41228070175438597,0.5964912280701754,0.09649122807017543,0.7105263157894737,0.7105263157894737,0.7587822014051522,0.6366197183098592
0.8b,25,rules,163,0.25766871165644173,0.7239263803680982,0.2392638036809816,0.7791411042944786,0.7791411042944786,0.585487906588824,0.3785557986870897
0.8b,25,sets,125,0.184,0.592,0.16,0.704,0.704,0.5897435897435898,0.3888888888888889
0.8b,25,space,111,0.4144144144144144,0.7207207207207207,0.2072072072072072,0.6486486486486487,0.6486486486486487,0.48558758314855877,0.4942084942084942
0.8b,25,tools,163,0.8834355828220859,0.8159509202453987,0.5337423312883436,0.6748466257668712,0.6748466257668712,0.6666666666666666,0.53125
0.8b,30,agent,162,0.4444444444444444,0.9012345679012346,0.20987654320987653,0.4691358024691358,0.4691358024691358,0.6458616010854816,0.5027027027027027
0.8b,30,arith,163,0.656441717791411,0.7914110429447853,0.4539877300613497,0.7361963190184049,0.7361963190184049,0.7864992150706437,0.7784679089026915
0.8b,30,change,152,0.20394736842105263,0.5460526315789473,0.0,0.5592105263157895,0.5592105263157895,0.28321678321678323,0.2336448598130841
0.8b,30,closed,111,0.6126126126126126,0.5945945945945946,0.2972972972972973,0.5855855855855856,0.5855855855855856,0.8568627450980392,0.7032520325203252
0.8b,30,formal,167,0.31137724550898205,0.6107784431137725,0.2634730538922156,0.8263473053892215,0.8263473053892215,0.48741721854304637,0.35951327433628316
0.8b,30,graph,92,0.532608695652174,0.6413043478260869,0.2826086956521739,0.6739130434782609,0.6739130434782609,0.6745689655172413,0.5726495726495726
0.8b,30,kk,142,0.2887323943661972,0.7394366197183099,0.02112676056338028,0.4225352112676056,0.4225352112676056,0.5029940119760479,0.4261168384879725
0.8b,30,laws,104,0.2692307692307692,0.7980769230769231,0.16346153846153846,0.7884615384615384,0.7884615384615384,0.4864864864864865,0.3298429319371728
0.8b,30,order,95,0.5368421052631579,0.8,0.15789473684210525,0.6842105263157895,0.6842105263157895,0.7009345794392523,0.5210084033613446
0.8b,30,prob,136,0.8897058823529411,0.875,0.3602941176470588,0.5514705882352942,0.5514705882352942,0.9483282674772037,0.752
0.8b,30,quant,114,0.4824561403508772,0.5526315789473685,0.09649122807017543,0.7456140350877193,0.7456140350877193,0.8279816513761468,0.6816901408450704
0.8b,30,rules,163,0.32515337423312884,0.7423312883435583,0.31901840490797545,0.8220858895705522,0.8220858895705522,0.7292768959435626,0.4288840262582057
0.8b,30,sets,125,0.216,0.6,0.192,0.672,0.672,0.6507592190889371,0.4074074074074074
0.8b,30,space,111,0.45045045045045046,0.8288288288288288,0.2972972972972973,0.6846846846846847,0.6846846846846847,0.5355029585798816,0.525096525096525
0.8b,30,tools,163,0.8957055214723927,0.8711656441717791,0.6073619631901841,0.7300613496932515,0.7300613496932515,0.7142857142857143,0.59375
0.8b,35,agent,162,0.49382716049382713,0.8950617283950617,0.25925925925925924,0.5061728395061729,0.5061728395061729,0.7337278106508875,0.5315315315315315
0.8b,35,arith,163,0.7300613496932515,0.8466257668711656,0.4723926380368098,0.754601226993865,0.754601226993865,0.7922437673130194,0.8095238095238095
0.8b,35,change,152,0.28289473684210525,0.7039473684210527,0.05921052631578947,0.625,0.625,0.4103585657370518,0.338785046728972
0.8b,35,closed,111,0.6126126126126126,0.7477477477477478,0.43243243243243246,0.6396396396396397,0.6396396396396397,0.8490909090909091,0.7540650406504065
0.8b,35,formal,167,0.32934131736526945,0.6227544910179641,0.30538922155688625,0.844311377245509,0.844311377245509,0.3850987432675045,0.3827433628318584
0.8b,35,graph,92,0.5760869565217391,0.6956521739130435,0.30434782608695654,0.7608695652173914,0.7608695652173914,0.645320197044335,0.6096866096866097
0.8b,35,kk,142,0.3028169014084507,0.8309859154929577,0.014084507042253521,0.47183098591549294,0.47183098591549294,0.5726495726495726,0.5189003436426117
0.8b,35,laws,104,0.36538461538461536,0.7692307692307693,0.21153846153846154,0.7788461538461539,0.7788461538461539,0.5381165919282511,0.39267015706806285
0.8b,35,order,95,0.5578947368421052,0.8526315789473684,0.17894736842105263,0.7263157894736842,0.7263157894736842,0.719047619047619,0.5336134453781513
0.8b,35,prob,136,0.8897058823529411,0.9191176470588235,0.3602941176470588,0.5367647058823529,0.5367647058823529,0.9528023598820059,0.7653333333333333
0.8b,35,quant,114,0.543859649122807,0.6578947368421053,0.19298245614035087,0.7894736842105263,0.7894736842105263,0.8254716981132075,0.7014084507042253
0.8b,35,rules,163,0.3987730061349693,0.8159509202453987,0.3374233128834356,0.8404907975460123,0.8404907975460123,0.7772768259693418,0.45076586433260396
0.8b,35,sets,125,0.256,0.656,0.232,0.712,0.712,0.690631808278867,0.44675925925925924
0.8b,35,space,111,0.4954954954954955,0.8378378378378378,0.32432432432432434,0.7027027027027027,0.7027027027027027,0.6853582554517134,0.583011583011583
0.8b,35,tools,163,0.9325153374233128,0.8711656441717791,0.5950920245398773,0.7300613496932515,0.7300613496932515,0.7931034482758621,0.6875
0.8b,40,agent,162,0.5123456790123457,0.9135802469135802,0.30246913580246915,0.5308641975308642,0.5308641975308642,0.7457627118644068,0.5963963963963964
0.8b,40,arith,163,0.7607361963190185,0.8773006134969326,0.5153374233128835,0.7730061349693251,0.7730061349693251,0.8733766233766234,0.8405797101449275
0.8b,40,change,152,0.32894736842105265,0.7302631578947368,0.1118421052631579,0.618421052631579,0.618421052631579,0.47173489278752434,0.40186915887850466
0.8b,40,closed,111,0.7027027027027027,0.7657657657657657,0.5315315315315315,0.7027027027027027,0.7027027027027027,0.903954802259887,0.8008130081300813
0.8b,40,formal,167,0.3652694610778443,0.6766467065868264,0.32934131736526945,0.874251497005988,0.874251497005988,0.4945321992709599,0.4103982300884956
0.8b,40,graph,92,0.5978260869565217,0.6630434782608695,0.29347826086956524,0.6739130434782609,0.6739130434782609,0.6666666666666666,0.6353276353276354
0.8b,40,kk,142,0.3873239436619718,0.8309859154929577,0.035211267605633804,0.4507042253521127,0.4507042253521127,0.6358381502890174,0.5738831615120275
0.8b,40,laws,104,0.38461538461538464,0.8942307692307693,0.27884615384615385,0.7788461538461539,0.7788461538461539,0.5550660792951542,0.4293193717277487
0.8b,40,order,95,0.5684210526315789,0.7894736842105263,0.25263157894736843,0.6736842105263158,0.6736842105263158,0.7061611374407583,0.5336134453781513
0.8b,40,prob,136,0.9191176470588235,0.9191176470588235,0.4117647058823529,0.625,0.625,0.9661016949152542,0.8133333333333334
0.8b,40,quant,114,0.5526315789473685,0.6754385964912281,0.22807017543859648,0.8771929824561403,0.8771929824561403,0.843400447427293,0.7408450704225352
0.8b,40,rules,163,0.4049079754601227,0.8282208588957055,0.37423312883435583,0.8404907975460123,0.8404907975460123,0.7114591920857378,0.48577680525164113
0.8b,40,sets,125,0.368,0.736,0.296,0.728,0.728,0.7330415754923414,0.46296296296296297
0.8b,40,space,111,0.5045045045045045,0.8468468468468469,0.36936936936936937,0.7027027027027027,0.7027027027027027,0.7188498402555911,0.6138996138996139
0.8b,40,tools,163,0.9447852760736196,0.9202453987730062,0.6503067484662577,0.7791411042944786,0.7791411042944786,0.9230769230769231,0.71875
0.8b,45,agent,162,0.5987654320987654,0.9135802469135802,0.37037037037037035,0.5432098765432098,0.5432098765432098,0.7603053435114504,0.6612612612612613
0.8b,45,arith,163,0.803680981595092,0.901840490797546,0.5337423312883436,0.7975460122699386,0.7975460122699386,0.8813559322033898,0.8530020703933747
0.8b,45,change,152,0.4144736842105263,0.8355263157894737,0.26973684210526316,0.6973684210526315,0.6973684210526315,0.603515625,0.5257009345794392
0.8b,45,closed,111,0.7027027027027027,0.8828828828828829,0.6216216216216216,0.7477477477477478,0.7477477477477478,0.8949416342412452,0.8170731707317073
0.8b,45,formal,167,0.3772455089820359,0.6946107784431138,0.40119760479041916,0.9161676646706587,0.9161676646706587,0.5421052631578948,0.4646017699115044
0.8b,45,graph,92,0.6413043478260869,0.7065217391304348,0.2717391304347826,0.717391304347826,0.717391304347826,0.6923076923076923,0.6381766381766382
0.8b,45,kk,142,0.4647887323943662,0.8732394366197183,0.04929577464788732,0.4647887323943662,0.4647887323943662,0.6950146627565983,0.6357388316151202
0.8b,45,laws,104,0.41346153846153844,0.8846153846153846,0.3557692307692308,0.8557692307692307,0.8557692307692307,0.6147186147186147,0.5026178010471204
0.8b,45,order,95,0.5894736842105263,0.8210526315789474,0.3263157894736842,0.6631578947368421,0.6631578947368421,0.7627906976744186,0.6008403361344538
0.8b,45,prob,136,0.9191176470588235,0.9264705882352942,0.47794117647058826,0.6176470588235294,0.6176470588235294,0.9598853868194842,0.8186666666666667
0.8b,45,quant,114,0.6140350877192983,0.7543859649122807,0.2894736842105263,0.8508771929824561,0.8508771929824561,0.8558758314855875,0.7859154929577464
0.8b,45,rules,163,0.44785276073619634,0.8895705521472392,0.44171779141104295,0.8834355828220859,0.8834355828220859,0.7127555988315482,0.5393873085339168
0.8b,45,sets,125,0.36,0.72,0.312,0.704,0.704,0.723404255319149,0.4861111111111111
0.8b,45,space,111,0.5135135135135135,0.8378378378378378,0.36936936936936937,0.7207207207207207,0.7207207207207207,0.6996587030716723,0.6254826254826255
0.8b,45,tools,163,0.9631901840490797,0.9447852760736196,0.7116564417177914,0.8220858895705522,0.8220858895705522,0.9032258064516129,0.84375
0.8b,50,agent,162,0.654320987654321,0.9506172839506173,0.46296296296296297,0.5925925925925926,0.5925925925925926,0.8149920255183413,0.6936936936936937
0.8b,50,arith,163,0.803680981595092,0.9079754601226994,0.5828220858895705,0.8282208588957055,0.8282208588957055,0.9137614678899083,0.8716356107660456
0.8b,50,change,152,0.4276315789473684,0.7763157894736842,0.3092105263157895,0.6578947368421053,0.6578947368421053,0.6239669421487604,0.5093457943925234
0.8b,50,closed,111,0.7387387387387387,0.9009009009009009,0.6306306306306306,0.7747747747747747,0.7747747747747747,0.9134438305709024,0.8434959349593496
0.8b,50,formal,167,0.39520958083832336,0.7125748502994012,0.47305389221556887,0.8982035928143712,0.8982035928143712,0.598951507208388,0.49004424778761063
0.8b,50,graph,92,0.6195652173913043,0.717391304347826,0.33695652173913043,0.6956521739130435,0.6956521739130435,0.7248803827751196,0.6324786324786325
0.8b,50,kk,142,0.5633802816901409,0.9084507042253521,0.07042253521126761,0.4859154929577465,0.4859154929577465,0.7441176470588236,0.6872852233676976
0.8b,50,laws,104,0.5096153846153846,0.9230769230769231,0.4519230769230769,0.8173076923076923,0.8173076923076923,0.6609442060085837,0.5706806282722513
0.8b,50,order,95,0.6210526315789474,0.8842105263157894,0.3684210526315789,0.7368421052631579,0.7368421052631579,0.7763157894736842,0.6386554621848739
0.8b,50,prob,136,0.9338235294117647,0.9485294117647058,0.5441176470588235,0.6911764705882353,0.6911764705882353,0.9688385269121813,0.8426666666666667
0.8b,50,quant,114,0.6578947368421053,0.7807017543859649,0.3684210526315789,0.8771929824561403,0.8771929824561403,0.8935185185185185,0.8
0.8b,50,rules,163,0.4785276073619632,0.8773006134969326,0.4785276073619632,0.901840490797546,0.901840490797546,0.7129881925522252,0.5536105032822757
0.8b,50,sets,125,0.472,0.792,0.32,0.712,0.712,0.7849223946784922,0.5046296296296297
0.8b,50,space,111,0.5675675675675675,0.8558558558558559,0.42342342342342343,0.7297297297297297,0.7297297297297297,0.6967741935483871,0.6486486486486487
0.8b,50,tools,163,0.950920245398773,0.9386503067484663,0.7423312883435583,0.8588957055214724,0.8588957055214724,0.8,0.84375
2b,0,agent,162,0.0,0.0,0.0,0.0,0.012345679012345678,,0.0
2b,0,arith,163,0.0,0.0,0.0,0.05521472392638037,0.6134969325153374,,0.0
2b,0,change,152,0.0,0.0,0.0,0.0,0.02631578947368421,,0.0
2b,0,closed,111,0.0,0.0,0.0,0.0,0.009009009009009009,,0.0
2b,0,formal,167,0.0,0.0,0.0,0.0,0.059880239520958084,,0.0
2b,0,graph,92,0.0,0.0,0.0,0.0,0.0,,0.0
2b,0,kk,142,0.0,0.0,0.0,0.0,0.0,,0.0
2b,0,laws,104,0.0,0.0,0.0,0.0,0.0673076923076923,,0.0
2b,0,order,95,0.0,0.0,0.0,0.0,0.0,,0.0
2b,0,prob,136,0.0,0.0,0.0,0.014705882352941176,0.022058823529411766,,0.0
2b,0,quant,114,0.0,0.0,0.0,0.0,0.05263157894736842,,0.0
2b,0,rules,163,0.0,0.0,0.0,0.0,0.08588957055214724,,0.0
2b,0,sets,125,0.0,0.0,0.0,0.0,0.072,,0.0
2b,0,space,111,0.0,0.0,0.0,0.0,0.0,,0.0
2b,0,tools,163,0.0,0.0,0.0,0.0,0.012269938650306749,,0.0
2b,5,agent,162,0.11728395061728394,0.5925925925925926,0.006172839506172839,0.4012345679012346,0.4012345679012346,0.16267123287671234,0.13693693693693693
2b,5,arith,163,0.3312883435582822,0.6134969325153374,0.2085889570552147,0.7730061349693251,0.7730061349693251,0.652014652014652,0.587991718426501
2b,5,change,152,0.013157894736842105,0.46710526315789475,0.006578947368421052,0.5986842105263158,0.5986842105263158,0.024553571428571428,0.02336448598130841
2b,5,closed,111,0.22522522522522523,0.3153153153153153,0.11711711711711711,0.6666666666666666,0.6666666666666666,0.3435754189944134,0.32926829268292684
2b,5,formal,167,0.23952095808383234,0.4491017964071856,0.19161676646706588,0.7245508982035929,0.7245508982035929,0.13254203758654798,0.14491150442477876
2b,5,graph,92,0.391304347826087,0.532608695652174,0.010869565217391304,0.6521739130434783,0.6521739130434783,0.5165094339622641,0.4045584045584046
2b,5,kk,142,0.21830985915492956,0.4154929577464789,0.0,0.4084507042253521,0.4084507042253521,0.3493975903614458,0.3917525773195876
2b,5,laws,104,0.1346153846153846,0.5288461538461539,0.08653846153846154,0.7692307692307693,0.7692307692307693,0.26578073089701,0.2617801047120419
2b,5,order,95,0.5052631578947369,0.5578947368421052,0.11578947368421053,0.5368421052631579,0.5368421052631579,0.6464379947229552,0.46638655462184875
2b,5,prob,136,0.2426470588235294,0.75,0.007352941176470588,0.18382352941176472,0.18382352941176472,0.4746268656716418,0.392
2b,5,quant,114,0.2719298245614035,0.39473684210526316,0.06140350877192982,0.6929824561403509,0.6929824561403509,0.5287356321839081,0.4225352112676056
2b,5,rules,163,0.1901840490797546,0.4662576687116564,0.2147239263803681,0.7852760736196319,0.7852760736196319,0.48180924287118976,0.29978118161925604
2b,5,sets,125,0.176,0.472,0.224,0.744,0.744,0.5421686746987951,0.3449074074074074
2b,5,space,111,0.2072072072072072,0.6036036036036037,0.0990990990990991,0.5855855855855856,0.5855855855855856,0.2643129770992366,0.2548262548262548
2b,5,tools,163,0.8343558282208589,0.4601226993865031,0.3128834355828221,0.7361963190184049,0.7361963190184049,0.4666666666666667,0.4375
2b,10,agent,162,0.2654320987654321,0.8333333333333334,0.16049382716049382,0.5061728395061729,0.5061728395061729,0.4395229982964225,0.3855855855855856
2b,10,arith,163,0.4723926380368098,0.7914110429447853,0.3619631901840491,0.8343558282208589,0.8343558282208589,0.6284470246734397,0.7308488612836439
2b,10,change,152,0.02631578947368421,0.4473684210526316,0.02631578947368421,0.5460526315789473,0.5460526315789473,0.2009273570324575,0.17990654205607476
2b,10,closed,111,0.42342342342342343,0.4864864864864865,0.1981981981981982,0.7837837837837838,0.7837837837837838,0.588469184890656,0.4735772357723577
2b,10,formal,167,0.3772455089820359,0.5269461077844312,0.2994011976047904,0.8323353293413174,0.8323353293413174,0.5125725338491296,0.29646017699115046
2b,10,graph,92,0.5434782608695652,0.717391304347826,0.2717391304347826,0.75,0.75,0.7168831168831169,0.6524216524216524
2b,10,kk,142,0.31690140845070425,0.6267605633802817,0.028169014084507043,0.5,0.5,0.5954022988505747,0.5463917525773195
2b,10,laws,104,0.25,0.6442307692307693,0.25,0.7884615384615384,0.7884615384615384,0.44680851063829785,0.38219895287958117
2b,10,order,95,0.6,0.7263157894736842,0.22105263157894736,0.6421052631578947,0.6421052631578947,0.8419243986254296,0.5504201680672269
2b,10,prob,136,0.6691176470588235,0.7794117647058824,0.3014705882352941,0.5808823529411765,0.5808823529411765,0.8065573770491803,0.6213333333333333
2b,10,quant,114,0.5350877192982456,0.5964912280701754,0.12280701754385964,0.8508771929824561,0.8508771929824561,0.584873949579832,0.6591549295774648
2b,10,rules,163,0.25766871165644173,0.6134969325153374,0.294478527607362,0.8159509202453987,0.8159509202453987,0.5497435897435897,0.38074398249452956
2b,10,sets,125,0.224,0.568,0.16,0.76,0.76,0.5661290322580645,0.38657407407407407
2b,10,space,111,0.44144144144144143,0.6756756756756757,0.18018018018018017,0.6936936936936937,0.6936936936936937,0.3717948717948718,0.5328185328185329
2b,10,tools,163,0.8957055214723927,0.852760736196319,0.754601226993865,0.8834355828220859,0.8834355828220859,0.6896551724137931,0.625
2b,15,agent,162,0.4444444444444444,0.9012345679012346,0.24074074074074073,0.5679012345679012,0.5679012345679012,0.7427536231884058,0.5495495495495496
2b,15,arith,163,0.6932515337423313,0.8466257668711656,0.49693251533742333,0.8466257668711656,0.8466257668711656,0.8606701940035273,0.8592132505175983
2b,15,change,152,0.23684210526315788,0.5263157894736842,0.14473684210526316,0.6447368421052632,0.6447368421052632,0.4326530612244898,0.338785046728972
2b,15,closed,111,0.6306306306306306,0.7207207207207207,0.38738738738738737,0.8198198198198198,0.8198198198198198,0.8448598130841122,0.7540650406504065
2b,15,formal,167,0.3712574850299401,0.6107784431137725,0.3712574850299401,0.8682634730538922,0.8682634730538922,0.6558620689655172,0.375
2b,15,graph,92,0.532608695652174,0.8369565217391305,0.31521739130434784,0.7717391304347826,0.7717391304347826,0.7157287157287158,0.6210826210826211
2b,15,kk,142,0.5352112676056338,0.8028169014084507,0.07746478873239436,0.5492957746478874,0.5492957746478874,0.7458563535911602,0.6701030927835051
2b,15,laws,104,0.38461538461538464,0.7115384615384616,0.3076923076923077,0.9038461538461539,0.9038461538461539,0.5964125560538116,0.4816753926701571
2b,15,order,95,0.6842105263157895,0.8,0.28421052631578947,0.7052631578947368,0.7052631578947368,0.8325358851674641,0.634453781512605
2b,15,prob,136,0.7279411764705882,0.8014705882352942,0.3235294117647059,0.5808823529411765,0.5808823529411765,0.8162650602409639,0.6853333333333333
2b,15,quant,114,0.631578947368421,0.6403508771929824,0.2982456140350877,0.8859649122807017,0.8859649122807017,0.8475524475524475,0.7323943661971831
2b,15,rules,163,0.3558282208588957,0.7055214723926381,0.38650306748466257,0.8957055214723927,0.8957055214723927,0.6851145038167938,0.4638949671772429
2b,15,sets,125,0.296,0.656,0.272,0.736,0.736,0.7473684210526316,0.4398148148148148
2b,15,space,111,0.4594594594594595,0.7477477477477478,0.2882882882882883,0.7837837837837838,0.7837837837837838,0.5557553956834532,0.6023166023166023
2b,15,tools,163,0.9141104294478528,0.9263803680981595,0.7975460122699386,0.8957055214723927,0.8957055214723927,0.6857142857142857,0.75
2b,20,agent,162,0.5370370370370371,0.9320987654320988,0.2654320987654321,0.5740740740740741,0.5740740740740741,0.8010471204188482,0.6324324324324324
2b,20,arith,163,0.8466257668711656,0.8834355828220859,0.6196319018404908,0.9079754601226994,0.9079754601226994,0.9397363465160076,0.8985507246376812
2b,20,change,152,0.35526315789473684,0.6052631578947368,0.2236842105263158,0.6842105263157895,0.6842105263157895,0.5776031434184676,0.48598130841121495
2b,20,closed,111,0.6846846846846847,0.8288288288288288,0.5675675675675675,0.8918918918918919,0.8918918918918919,0.850091407678245,0.8048780487804879
2b,20,formal,167,0.41317365269461076,0.688622754491018,0.437125748502994,0.8802395209580839,0.8802395209580839,0.535483870967742,0.4170353982300885
2b,20,graph,92,0.6413043478260869,0.782608695652174,0.30434782608695654,0.7608695652173914,0.7608695652173914,0.8239700374531835,0.6125356125356125
2b,20,kk,142,0.5633802816901409,0.8309859154929577,0.1267605633802817,0.6056338028169014,0.6056338028169014,0.7340720221606648,0.7010309278350515
2b,20,laws,104,0.46153846153846156,0.8269230769230769,0.36538461538461536,0.9038461538461539,0.9038461538461539,0.6412556053811659,0.5549738219895288
2b,20,order,95,0.6526315789473685,0.8526315789473684,0.3157894736842105,0.7684210526315789,0.7684210526315789,0.812206572769953,0.6428571428571429
2b,20,prob,136,0.8455882352941176,0.8970588235294118,0.4264705882352941,0.625,0.625,0.8831908831908832,0.7733333333333333
2b,20,quant,114,0.7192982456140351,0.8070175438596491,0.40350877192982454,0.9122807017543859,0.9122807017543859,0.9112903225806451,0.8366197183098592
2b,20,rules,163,0.4294478527607362,0.7300613496932515,0.4110429447852761,0.8834355828220859,0.8834355828220859,0.7587131367292225,0.4912472647702407
2b,20,sets,125,0.376,0.744,0.256,0.76,0.76,0.7738970588235294,0.4976851851851852
2b,20,space,111,0.6396396396396397,0.8918918918918919,0.3783783783783784,0.8558558558558559,0.8558558558558559,0.7785016286644951,0.6872586872586872
2b,20,tools,163,0.9386503067484663,0.9202453987730062,0.8404907975460123,0.9447852760736196,0.9447852760736196,0.8125,0.8125
2b,25,agent,162,0.6111111111111112,0.9382716049382716,0.3148148148148148,0.5617283950617284,0.5617283950617284,0.8298245614035088,0.6738738738738739
2b,25,arith,163,0.8895705521472392,0.9141104294478528,0.656441717791411,0.9202453987730062,0.9202453987730062,0.9367521367521368,0.9130434782608695
2b,25,change,152,0.5197368421052632,0.7302631578947368,0.3223684210526316,0.7236842105263158,0.7236842105263158,0.7167381974248928,0.5607476635514018
2b,25,closed,111,0.7567567567567568,0.9009009009009009,0.6756756756756757,0.9099099099099099,0.9099099099099099,0.8218125960061444,0.8434959349593496
2b,25,formal,167,0.46706586826347307,0.6766467065868264,0.47904191616766467,0.9161676646706587,0.9161676646706587,0.6348717948717949,0.5
2b,25,graph,92,0.6413043478260869,0.8043478260869565,0.31521739130434784,0.7934782608695652,0.7934782608695652,0.8245614035087719,0.6951566951566952
2b,25,kk,142,0.6619718309859155,0.8450704225352113,0.18309859154929578,0.5915492957746479,0.5915492957746479,0.8268156424581006,0.7766323024054983
2b,25,laws,104,0.5673076923076923,0.8557692307692307,0.46153846153846156,0.9038461538461539,0.9038461538461539,0.7142857142857143,0.6387434554973822
2b,25,order,95,0.7578947368421053,0.8526315789473684,0.3894736842105263,0.7578947368421053,0.7578947368421053,0.8761467889908257,0.6932773109243697
2b,25,prob,136,0.8529411764705882,0.8970588235294118,0.47058823529411764,0.6470588235294118,0.6470588235294118,0.9270833333333334,0.8106666666666666
2b,25,quant,114,0.7631578947368421,0.868421052631579,0.5,0.9473684210526315,0.9473684210526315,0.910913140311804,0.8647887323943662
2b,25,rules,163,0.44785276073619634,0.7730061349693251,0.4539877300613497,0.9141104294478528,0.9141104294478528,0.8156911581569116,0.5339168490153173
2b,25,sets,125,0.424,0.76,0.368,0.76,0.76,0.7978142076502732,0.5185185185185185
2b,25,space,111,0.7297297297297297,0.918918918918919,0.5135135135135135,0.8648648648648649,0.8648648648648649,0.8367346938775511,0.7142857142857143
2b,25,tools,163,0.9447852760736196,0.9570552147239264,0.8588957055214724,0.9325153374233128,0.9325153374233128,0.8620689655172413,0.78125
2b,30,agent,162,0.6358024691358025,0.9506172839506173,0.36419753086419754,0.6234567901234568,0.6234567901234568,0.8434343434343434,0.6990990990990991
2b,30,arith,163,0.9141104294478528,0.9325153374233128,0.7116564417177914,0.9386503067484663,0.9386503067484663,0.9682242990654205,0.9130434782608695
2b,30,change,152,0.5855263157894737,0.8092105263157895,0.40131578947368424,0.7236842105263158,0.7236842105263158,0.7748344370860927,0.6285046728971962
2b,30,closed,111,0.8018018018018018,0.8828828828828829,0.7297297297297297,0.918918918918919,0.918918918918919,0.9207920792079208,0.8658536585365854
2b,30,formal,167,0.47305389221556887,0.718562874251497,0.47305389221556887,0.9101796407185628,0.9101796407185628,0.5326315789473685,0.5154867256637168
2b,30,graph,92,0.6630434782608695,0.8478260869565217,0.358695652173913,0.8369565217391305,0.8369565217391305,0.8835904628330996,0.7407407407407407
2b,30,kk,142,0.7887323943661971,0.9014084507042254,0.18309859154929578,0.6338028169014085,0.6338028169014085,0.901685393258427,0.8591065292096219
2b,30,laws,104,0.625,0.8653846153846154,0.5384615384615384,0.9326923076923077,0.9326923076923077,0.7074235807860262,0.6910994764397905
2b,30,order,95,0.7368421052631579,0.8210526315789474,0.4421052631578947,0.8315789473684211,0.8315789473684211,0.8699551569506726,0.726890756302521
2b,30,prob,136,0.9117647058823529,0.9558823529411765,0.5220588235294118,0.6985294117647058,0.6985294117647058,0.9636871508379888,0.8613333333333333
2b,30,quant,114,0.8070175438596491,0.8859649122807017,0.5614035087719298,0.956140350877193,0.956140350877193,0.9327548806941431,0.9014084507042254
2b,30,rules,163,0.4723926380368098,0.7177914110429447,0.44785276073619634,0.8711656441717791,0.8711656441717791,0.8252069917203312,0.5481400437636762
2b,30,sets,125,0.52,0.792,0.4,0.776,0.776,0.7841880341880342,0.5486111111111112
2b,30,space,111,0.6936936936936937,0.918918918918919,0.5585585585585585,0.8378378378378378,0.8378378378378378,0.856,0.7181467181467182
2b,30,tools,163,0.9570552147239264,0.950920245398773,0.8711656441717791,0.9325153374233128,0.9325153374233128,0.9285714285714286,0.8125
2b,35,agent,162,0.654320987654321,0.9629629629629629,0.42592592592592593,0.6419753086419753,0.6419753086419753,0.8564102564102564,0.7045045045045045
2b,35,arith,163,0.9263803680981595,0.9570552147239264,0.7239263803680982,0.9325153374233128,0.9325153374233128,0.9712643678160919,0.9130434782608695
2b,35,change,152,0.6710526315789473,0.881578947368421,0.506578947368421,0.7828947368421053,0.7828947368421053,0.8145695364238411,0.6869158878504673
2b,35,closed,111,0.8648648648648649,0.963963963963964,0.8378378378378378,0.954954954954955,0.954954954954955,0.9436619718309859,0.9024390243902439
2b,35,formal,167,0.47904191616766467,0.7844311377245509,0.5389221556886228,0.9580838323353293,0.9580838323353293,0.5668161434977579,0.5442477876106194
2b,35,graph,92,0.7065217391304348,0.8695652173913043,0.358695652173913,0.8152173913043478,0.8152173913043478,0.8582995951417004,0.7008547008547008
2b,35,kk,142,0.9014084507042254,0.9014084507042254,0.2323943661971831,0.6126760563380281,0.6126760563380281,0.943342776203966,0.9072164948453608
2b,35,laws,104,0.75,0.9230769230769231,0.5865384615384616,0.9230769230769231,0.9230769230769231,0.8317757009345794,0.7382198952879581
2b,35,order,95,0.7368421052631579,0.8526315789473684,0.47368421052631576,0.8526315789473684,0.8526315789473684,0.8841201716738197,0.7605042016806722
2b,35,prob,136,0.9485294117647058,0.9632352941176471,0.5588235294117647,0.7058823529411765,0.7058823529411765,0.9803921568627451,0.8666666666666667
2b,35,quant,114,0.8508771929824561,0.8771929824561403,0.6578947368421053,0.9473684210526315,0.9473684210526315,0.9452380952380952,0.9014084507042254
2b,35,rules,163,0.5460122699386503,0.7668711656441718,0.5030674846625767,0.9263803680981595,0.9263803680981595,0.8224789915966386,0.5809628008752735
2b,35,sets,125,0.568,0.8,0.472,0.816,0.816,0.8231939163498099,0.5810185185185185
2b,35,space,111,0.7027027027027027,0.9369369369369369,0.5405405405405406,0.8288288288288288,0.8288288288288288,0.8087248322147651,0.7142857142857143
2b,35,tools,163,0.9570552147239264,0.9631901840490797,0.8650306748466258,0.9202453987730062,0.9202453987730062,0.9,0.84375
2b,40,agent,162,0.6851851851851852,0.9691358024691358,0.4382716049382716,0.654320987654321,0.654320987654321,0.8725165562913907,0.7207207207207207
2b,40,arith,163,0.9325153374233128,0.9693251533742331,0.754601226993865,0.950920245398773,0.950920245398773,0.9746588693957114,0.9089026915113871
2b,40,change,152,0.7236842105263158,0.9013157894736842,0.625,0.8355263157894737,0.8355263157894737,0.8610478359908884,0.7266355140186916
2b,40,closed,111,0.9099099099099099,0.963963963963964,0.8738738738738738,0.9819819819819819,0.9819819819819819,0.9670781893004116,0.9329268292682927
2b,40,formal,167,0.5329341317365269,0.8383233532934131,0.6047904191616766,0.9461077844311377,0.9461077844311377,0.6806422836752899,0.6006637168141593
2b,40,graph,92,0.717391304347826,0.8043478260869565,0.3695652173913043,0.8586956521739131,0.8586956521739131,0.893296853625171,0.7806267806267806
2b,40,kk,142,0.9154929577464789,0.9084507042253521,0.21830985915492956,0.5915492957746479,0.5915492957746479,0.958217270194986,0.9278350515463918
2b,40,laws,104,0.8653846153846154,0.9230769230769231,0.6730769230769231,0.9326923076923077,0.9326923076923077,0.8807339449541285,0.806282722513089
2b,40,order,95,0.7578947368421053,0.9052631578947369,0.5368421052631579,0.8210526315789474,0.8210526315789474,0.8836206896551724,0.7605042016806722
2b,40,prob,136,0.9485294117647058,0.9705882352941176,0.5808823529411765,0.7352941176470589,0.7352941176470589,0.9775910364145658,0.8773333333333333
2b,40,quant,114,0.8333333333333334,0.9035087719298246,0.6754385964912281,0.9736842105263158,0.9736842105263158,0.9373549883990719,0.9211267605633803
2b,40,rules,163,0.5521472392638037,0.7975460122699386,0.5766871165644172,0.9079754601226994,0.9079754601226994,0.8935779816513761,0.6301969365426696
2b,40,sets,125,0.64,0.816,0.488,0.832,0.832,0.8628318584070797,0.5995370370370371
2b,40,space,111,0.7747747747747747,0.9279279279279279,0.6036036036036037,0.8648648648648649,0.8648648648648649,0.8542372881355932,0.7606177606177607
2b,40,tools,163,0.9570552147239264,0.9570552147239264,0.8957055214723927,0.950920245398773,0.950920245398773,0.9,0.84375
2b,45,agent,162,0.7654320987654321,0.9876543209876543,0.5617283950617284,0.6851851851851852,0.6851851851851852,0.8974358974358975,0.7693693693693694
2b,45,arith,163,0.9447852760736196,0.9693251533742331,0.7668711656441718,0.9325153374233128,0.9325153374233128,0.9808429118773946,0.917184265010352
2b,45,change,152,0.7960526315789473,0.9276315789473685,0.6776315789473685,0.8355263157894737,0.8355263157894737,0.8927738927738927,0.764018691588785
2b,45,closed,111,0.9279279279279279,0.963963963963964,0.918918918918919,0.9819819819819819,0.9819819819819819,0.9730290456431535,0.9532520325203252
2b,45,formal,167,0.5688622754491018,0.8323353293413174,0.6407185628742516,0.9461077844311377,0.9461077844311377,0.6612244897959184,0.6227876106194691
2b,45,graph,92,0.7391304347826086,0.8260869565217391,0.391304347826087,0.8152173913043478,0.8152173913043478,0.8900445765230312,0.7692307692307693
2b,45,kk,142,0.9014084507042254,0.9295774647887324,0.2746478873239437,0.5985915492957746,0.5985915492957746,0.9532967032967034,0.9450171821305842
2b,45,laws,104,0.8557692307692307,0.9519230769230769,0.7403846153846154,0.9711538461538461,0.9711538461538461,0.9054726368159204,0.8167539267015707
2b,45,order,95,0.7684210526315789,0.9263157894736842,0.5684210526315789,0.7894736842105263,0.7894736842105263,0.8987341772151899,0.7815126050420168
2b,45,prob,136,0.9632352941176471,0.9705882352941176,0.5955882352941176,0.75,0.75,0.9833795013850416,0.8826666666666667
2b,45,quant,114,0.8508771929824561,0.9385964912280702,0.7543859649122807,0.9736842105263158,0.9736842105263158,0.9317073170731708,0.9183098591549296
2b,45,rules,163,0.6073619631901841,0.7975460122699386,0.6073619631901841,0.9447852760736196,0.9447852760736196,0.8674556213017751,0.661925601750547
2b,45,sets,125,0.64,0.872,0.536,0.808,0.808,0.7736549165120594,0.6180555555555556
2b,45,space,111,0.7657657657657657,0.954954954954955,0.6576576576576577,0.8828828828828829,0.8828828828828829,0.8662207357859532,0.7837837837837838
2b,45,tools,163,0.9754601226993865,0.9754601226993865,0.9202453987730062,0.950920245398773,0.950920245398773,0.9354838709677419,0.90625
2b,50,agent,162,0.7716049382716049,0.9629629629629629,0.6049382716049383,0.7160493827160493,0.7160493827160493,0.9125214408233276,0.7693693693693694
2b,50,arith,163,0.9386503067484663,0.9815950920245399,0.7791411042944786,0.9263803680981595,0.9263803680981595,0.979047619047619,0.9213250517598344
2b,50,change,152,0.8289473684210527,0.9210526315789473,0.7236842105263158,0.868421052631579,0.868421052631579,0.9147465437788018,0.8014018691588785
2b,50,closed,111,0.972972972972973,1.0,0.972972972972973,0.990990990990991,0.990990990990991,0.9919678714859438,0.9898373983739838
2b,50,formal,167,0.5748502994011976,0.8622754491017964,0.6766467065868264,0.9580838323353293,0.9580838323353293,0.7359924026590693,0.6769911504424779
2b,50,graph,92,0.717391304347826,0.8586956521739131,0.44565217391304346,0.8260869565217391,0.8260869565217391,0.8778761061946903,0.7635327635327636
2b,50,kk,142,0.9577464788732394,0.9295774647887324,0.3028169014084507,0.6619718309859155,0.6619718309859155,0.9777777777777777,0.9621993127147767
2b,50,laws,104,0.9038461538461539,0.9326923076923077,0.7788461538461539,0.9711538461538461,0.9711538461538461,0.9356435643564357,0.8534031413612565
2b,50,order,95,0.7894736842105263,0.9578947368421052,0.6421052631578947,0.8631578947368421,0.8631578947368421,0.9172413793103448,0.7983193277310925
2b,50,prob,136,0.9852941176470589,0.9926470588235294,0.625,0.7647058823529411,0.7647058823529411,0.9944444444444445,0.8906666666666667
2b,50,quant,114,0.8859649122807017,0.9385964912280702,0.7807017543859649,0.9736842105263158,0.9736842105263158,0.9645569620253165,0.9408450704225352
2b,50,rules,163,0.6503067484662577,0.8404907975460123,0.6257668711656442,0.9570552147239264,0.9570552147239264,0.8662650602409638,0.6761487964989059
2b,50,sets,125,0.704,0.872,0.56,0.816,0.816,0.8896103896103896,0.6458333333333334
2b,50,space,111,0.7747747747747747,0.9369369369369369,0.6396396396396397,0.8738738738738738,0.8738738738738738,0.8695652173913043,0.7915057915057915
2b,50,tools,163,0.9754601226993865,0.9877300613496932,0.9263803680981595,0.950920245398773,0.950920245398773,0.9354838709677419,0.90625
9b,0,agent,162,0.0,0.0,0.0,0.006172839506172839,0.018518518518518517,,0.0
9b,0,arith,163,0.0,0.0,0.0,0.0,0.6441717791411042,,0.0
9b,0,change,152,0.0,0.0,0.0,0.006578947368421052,0.019736842105263157,,0.0
9b,0,closed,111,0.0,0.0,0.0,0.0,0.0,,0.0
9b,0,formal,167,0.0,0.0,0.0,0.0,0.03592814371257485,,0.0
9b,0,graph,92,0.0,0.0,0.0,0.0,0.0,,0.0
9b,0,kk,142,0.0,0.0,0.0,0.0,0.09154929577464789,,0.0
9b,0,laws,104,0.0,0.0,0.0,0.0,0.057692307692307696,,0.0
9b,0,order,95,0.0,0.0,0.0,0.0,0.0,,0.0
9b,0,prob,136,0.0,0.0,0.0,0.0,0.0,,0.0
9b,0,quant,114,0.0,0.0,0.0,0.0,0.0,,0.0
9b,0,rules,163,0.0,0.0,0.0,0.0,0.018404907975460124,,0.0
9b,0,sets,125,0.0,0.0,0.0,0.0,0.0,,0.0
9b,0,space,111,0.0,0.0,0.0,0.0,0.0,,0.0
9b,0,tools,163,0.0,0.0,0.0,0.0,0.13496932515337423,,0.0
9b,10,agent,162,0.9814814814814815,0.9938271604938271,0.9629629629629629,0.9753086419753086,0.9753086419753086,0.9945652173913043,0.8918918918918919
9b,10,arith,163,0.9938650306748467,0.9815950920245399,0.9693251533742331,0.9938650306748467,0.9938650306748467,0.99812734082397,0.9399585921325052
9b,10,change,152,0.993421052631579,1.0,0.9868421052631579,0.993421052631579,0.993421052631579,0.9976133651551312,0.9369158878504673
9b,10,closed,111,1.0,1.0,1.0,1.0,1.0,1.0,1.0
9b,10,formal,167,0.9161676646706587,1.0,0.9700598802395209,0.9880239520958084,0.9880239520958084,0.9797525309336333,0.959070796460177
9b,10,graph,92,0.9239130434782609,0.9782608695652174,0.7391304347826086,0.9782608695652174,0.9782608695652174,0.9806094182825484,0.8917378917378918
9b,10,kk,142,0.9929577464788732,1.0,0.676056338028169,0.823943661971831,0.823943661971831,0.9971910112359551,0.9828178694158075
9b,10,laws,104,1.0,1.0,0.9903846153846154,1.0,1.0,1.0,0.9267015706806283
9b,10,order,95,0.9894736842105263,1.0,0.9894736842105263,1.0,1.0,0.9915254237288136,0.9243697478991597
9b,10,prob,136,1.0,1.0,0.9705882352941176,0.9705882352941176,0.9705882352941176,1.0,0.8933333333333333
9b,10,quant,114,1.0,1.0,1.0,1.0,1.0,1.0,0.9746478873239437
9b,10,rules,163,0.9570552147239264,1.0,0.9631901840490797,1.0,1.0,0.9889867841409692,0.9485776805251641
9b,10,sets,125,0.976,0.992,0.984,0.992,0.992,0.99375,0.7824074074074074
9b,10,space,111,0.9279279279279279,1.0,0.918918918918919,0.9819819819819819,0.9819819819819819,0.9525547445255474,0.8648648648648649
9b,10,tools,163,0.9877300613496932,1.0,0.9938650306748467,1.0,1.0,1.0,0.9375
9b,25,agent,162,1.0,1.0,1.0,1.0,1.0,1.0,0.8792792792792793
9b,25,arith,163,1.0,0.9877300613496932,0.9693251533742331,0.9938650306748467,0.9938650306748467,1.0,0.937888198757764
9b,25,change,152,1.0,1.0,1.0,1.0,1.0,1.0,0.9485981308411215
9b,25,closed,111,1.0,1.0,1.0,1.0,1.0,1.0,1.0
9b,25,formal,167,0.9820359281437125,1.0,0.9880239520958084,1.0,1.0,0.9966703662597114,0.9933628318584071
9b,25,graph,92,0.9891304347826086,0.9782608695652174,0.8043478260869565,0.9782608695652174,0.9782608695652174,0.9972972972972973,0.9373219373219374
9b,25,kk,142,0.9788732394366197,1.0,0.7535211267605634,0.8873239436619719,0.8873239436619719,0.9913294797687862,0.9587628865979382
9b,25,laws,104,1.0,1.0,1.0,1.0,1.0,1.0,0.9267015706806283
9b,25,order,95,0.9789473684210527,1.0,0.9789473684210527,0.9894736842105263,0.9894736842105263,0.9868421052631579,0.9159663865546218
9b,25,prob,136,1.0,1.0,1.0,1.0,1.0,1.0,0.8933333333333333
9b,25,quant,114,1.0,0.9912280701754386,0.9912280701754386,1.0,1.0,1.0,0.9690140845070423
9b,25,rules,163,0.9877300613496932,1.0,0.9877300613496932,1.0,1.0,0.9977324263038548,0.9507658643326039
9b,25,sets,125,1.0,1.0,1.0,1.0,1.0,1.0,0.7916666666666666
9b,25,space,111,0.972972972972973,0.990990990990991,0.9279279279279279,0.972972972972973,0.972972972972973,0.9879518072289156,0.9034749034749034
9b,25,tools,163,0.9877300613496932,1.0,0.9938650306748467,1.0,1.0,1.0,0.9375
9b,50,agent,162,1.0,1.0,1.0,1.0,1.0,1.0,0.872072072072072
9b,50,arith,163,1.0,1.0,1.0,1.0,1.0,1.0,0.9461697722567288
9b,50,change,152,1.0,1.0,1.0,1.0,1.0,1.0,0.9509345794392523
9b,50,closed,111,1.0,1.0,1.0,1.0,1.0,1.0,1.0
9b,50,formal,167,0.9940119760479041,1.0,1.0,1.0,1.0,0.9988938053097345,0.9988938053097345
9b,50,graph,92,1.0,0.967391304347826,0.8913043478260869,0.9782608695652174,0.9782608695652174,1.0,0.9230769230769231
9b,50,kk,142,0.9929577464788732,1.0,0.8661971830985915,0.9084507042253521,0.9084507042253521,0.996875,0.9312714776632303
9b,50,laws,104,1.0,1.0,1.0,1.0,1.0,1.0,0.9162303664921466
9b,50,order,95,1.0,1.0,1.0,1.0,1.0,1.0,0.9285714285714286
9b,50,prob,136,1.0,1.0,0.9926470588235294,0.9926470588235294,0.9926470588235294,1.0,0.896
9b,50,quant,114,1.0,1.0,1.0,1.0,1.0,1.0,0.971830985915493
9b,50,rules,163,0.9938650306748467,1.0,0.9877300613496932,0.9938650306748467,0.9938650306748467,0.9988738738738738,0.9518599562363238
9b,50,sets,125,1.0,1.0,1.0,1.0,1.0,1.0,0.7824074074074074
9b,50,space,111,1.0,1.0,0.9819819819819819,1.0,1.0,1.0,0.8996138996138996
9b,50,tools,163,1.0,1.0,0.9938650306748467,1.0,1.0,1.0,1.0
